date,retailer,igraal_rate,cashback_type,letyshops_rate,letyshops_rate_type,letyshops_boosted,picodi_rate,picodi_rate_type,alerabat_rate,alerabat_rate_type,goodie_rate,goodie_rate_type,best_competitor,best_competitor_rate,delta,alert,margin_eur,cpa_in,revenue,gmv,transactions,cb_total,status,action_direction,is_best_rate,letyshops_url,picodi_url,alerabat_url,goodie_url,affiliate_network,quality,category,category_group,is_merchant_active,is_merchant_monetized,avg_cpa_in,avg_margin_eur,avg_revenue_eur,avg_gmv_eur,avg_cb_total_eur,total_transactions,months_with_data,margin_alert
2026-07-13,AliExpress,25.0,%,5.0,%,False,20.7,up_to_%,5.0,up_to_%,60.0,up_to_%,goodie,60.0,35.0,LOWER,-457.28,5.6,8066.78,158156.54,14141.0,8524.07,REVIEW,UP,False,https://letyshops.com/pl/shops/aliexpress,https://www.picodi.com/pl/aliexpress/offers,https://alerabat.com/kod-rabatowy/aliexpress,https://goodie.pl/marka/aliexpress,AWIN,AAA,Multi-Departments,Multi-Category,True,True,5.21,-30.49,537.79,10543.77,568.27,14141.0,15.0,True
2026-07-13,DHgate,2.0,%,25.0,%,False,,not_found,1.5,up_to_%,1.75,%,letyshops,25.0,23.0,LOWER,,,,,,,ACT NOW,UP,False,https://letyshops.com/pl/shops/dhgate,,https://alerabat.com/kody-promocyjne/dhgate,https://goodie.pl/marka/dhgate,Commission Junction,B,Electronics,Technology,True,True,2.0,0.0,0.23,11.5,0.23,1.0,1.0,False
2026-07-13,Sferis,1.6,%,7.5,%,False,,not_found,7.5,up_to_%,7.5,up_to_%,letyshops,7.5,5.9,LOWER,-0.6700000000000035,1.4,171.35,8753.4,8.0,172.02,REVIEW,UP,False,https://letyshops.com/pl/shops/sferis-pl,,https://alerabat.com/kod-promocyjny/sferis,https://goodie.pl/marka/sferis,Tradedoubler,A+,Electronics,Technology,True,True,1.87,-0.11,28.56,1458.9,28.67,8.0,6.0,True
2026-07-13,RTV Euro AGD,1.5,%,3.5,%,False,1.8,up_to_%,3.0,up_to_%,7.0,up_to_%,goodie,7.0,5.5,LOWER,-734.6,2.6,1234.95,58907.62,164.0,1969.56,REVIEW,UP,False,https://letyshops.com/pl/shops/rtv-euro-agd,https://www.picodi.com/pl/rtveuroagd/offers,https://alerabat.com/kod-promocyjny/rtv-euro-agd,https://goodie.pl/marka/rtv-euro-agd,Tradedoubler,AAA,Electronics,Technology,True,True,2.46,-73.46,123.5,5890.76,196.96,164.0,10.0,True
2026-07-13,Neness,6.0,%,,no cashback,False,,not_found,10.0,up_to_%,,no cashback,alerabat,10.0,4.0,LOWER,,,,,,,ACT NOW,UP,False,,,https://alerabat.com/kody-promocyjne/perfumeria-neness,https://goodie.pl/marka/neness,,,,,,,,,,,,,,
2026-07-13,OleOle!,1.0,%,1.0,%,False,,not_found,5.0,up_to_%,2.0,up_to_%,alerabat,5.0,4.0,LOWER,711.51,2.0,1761.1200000000001,82339.89,27.0,1049.61,ACT NOW,UP,False,https://letyshops.com/pl/shops/oleole-pl,,https://alerabat.com/kod-promocyjny/oleole-pl,https://goodie.pl/marka/oleole,Tradedoubler,A,Electronics,Technology,True,True,2.19,79.06,195.68,9148.88,116.62,27.0,9.0,False
2026-07-13,Kaufland,1.0,%,,not_found,False,,not_found,5.0,up_to_%,,no cashback,alerabat,5.0,4.0,LOWER,,,,,,,ACT NOW,UP,False,,,https://alerabat.com/kody-promocyjne/kaufland,https://goodie.pl/marka/kaufland,,,,,,,,,,,,,,
2026-07-13,Audioteka,2.5,%,,not_found,False,2.1,%,3.5,up_to_%,6.0,up_to_%,goodie,6.0,3.5,LOWER,,,,,,,ACT NOW,UP,False,,https://www.picodi.com/pl/audioteka-pl/offers,https://alerabat.com/kody-promocyjne/audioteka-pl,https://goodie.pl/marka/audioteka,,,,,,,,,,,,,,
2026-07-13,Kinguin,4.0,%,,not_found,False,,not_found,5.0,up_to_%,7.5,up_to_%,goodie,7.5,3.5,LOWER,-56.230000000000004,2.1,23.71,1067.1499999999999,62.0,79.93,REVIEW,UP,False,,,https://alerabat.com/kody-promocyjne/kinguin-net,https://goodie.pl/marka/kinguin,Admitad,A+,Online Gaming,Technology,True,True,2.21,-5.62,2.37,106.71,7.99,62.0,10.0,True
2026-07-13,Zegarownia,2.0,%,,no cashback,False,,not_found,5.0,up_to_%,,no cashback,alerabat,5.0,3.0,LOWER,,,,,,,ACT NOW,UP,False,,,https://alerabat.com/kody-promocyjne/zegarownia,https://goodie.pl/marka/zegarownia,,,,,,,,,,,,,,
2026-07-13,Orange,2.11,%,3.5,%,False,,not_found,5.0,up_to_%,1.06,up_to_%,alerabat,5.0,2.89,LOWER,9.07,14.0,743.26,121.26,16.0,734.1899999999999,ACT NOW,UP,False,https://letyshops.com/pl/shops/orange-pl,,https://alerabat.com/kod-promocyjny/orange,https://goodie.pl/marka/orange,Tradedoubler,A+,Connectivity - Telco,Services,True,True,17300.6,1.81,148.65,24.25,146.84,16.0,5.0,False
2026-07-13,Bonprix,4.0,%,6.0,%,False,1.2,%,2.5,up_to_%,3.0,up_to_%,letyshops,6.0,2.0,LOWER,-0.35,4.0,2.3899999999999997,59.98,2.0,2.74,REVIEW,UP,False,https://letyshops.com/pl/shops/bonprix-pl,https://www.picodi.com/pl/bonprix/offers,https://alerabat.com/kod-promocyjny/bonprix,https://goodie.pl/marka/bonprix,Tradedoubler,C,Fashion,Fashion,True,True,4.0,-0.18,1.19,29.99,1.37,2.0,2.0,True
2026-07-13,Decathlon,2.0,%,2.25,%,False,1.4,up_to_%,4.0,up_to_%,1.75,%,alerabat,4.0,2.0,LOWER,-124.04,2.2,60.77,2641.08,32.0,184.83,REVIEW,UP,False,https://letyshops.com/pl/shops/decathlon-pl,https://www.picodi.com/pl/decathlon/offers,https://alerabat.com/kod-promocyjny/decathlon-pl,https://goodie.pl/marka/decathlon,Webgains,A,Sport Fashion,Fashion,True,True,2.28,-12.4,6.08,264.11,18.48,32.0,10.0,True
2026-07-13,LEGO,3.0,%,,no cashback,False,,not_found,5.0,up_to_%,3.5,up_to_%,alerabat,5.0,2.0,LOWER,19.830000000000002,7.0,36.129999999999995,606.1,8.0,16.189999999999998,ACT NOW,UP,False,,,https://alerabat.com/kody-promocyjne/lego,https://goodie.pl/marka/lego,Rakuten,A+,Entertainment,Lifestyle,True,True,4.6,3.97,7.23,121.22,3.24,8.0,5.0,False
2026-07-13,Ryobi,4.0,%,6.0,%,False,,not_found,2.0,up_to_%,3.88,%,letyshops,6.0,2.0,LOWER,0.12,4.0,8.85,221.21,2.0,8.73,ACT NOW,UP,False,https://letyshops.com/pl/shops/ryobi-pl,,https://alerabat.com/kody-promocyjne/ryobi,https://goodie.pl/marka/ryobi,Tradedoubler,B,Home & Garden,Multi-Category,True,True,4.0,0.12,8.85,221.21,8.73,2.0,1.0,False
2026-07-13,Radisson Hotels,2.0,%,4.0,%,False,,not_found,2.0,up_to_%,2.0,%,letyshops,4.0,2.0,LOWER,200.85999999999999,8.0,463.05,5788.18,3.0,262.2,ACT NOW,UP,False,https://letyshops.com/pl/shops/radisson-hotels-pl,,https://alerabat.com/kody-promocyjne/radisson-blu,https://goodie.pl/marka/radisson-hotels,Tradedoubler,D,Hotel & Accommodations,Travel,True,True,8.0,100.43,231.52,2894.09,131.1,3.0,2.0,False
2026-07-13,Xiaomi,2.0,%,3.75,%,False,,not_found,1.5,up_to_%,2.5,%,letyshops,3.75,1.75,LOWER,,,,,,,REVIEW,UP,False,https://letyshops.com/pl/shops/xiaomi-pl,,https://alerabat.com/kody-promocyjne/xiaomi,https://goodie.pl/marka/xiaomi,,,,,,,,,,,,,,
2026-07-13,Regatta,3.0,%,4.5,%,False,,not_found,2.5,up_to_%,2.5,up_to_%,letyshops,4.5,1.5,LOWER,-4.35,5.0,523.55,5318.04,13.0,527.9,REVIEW,UP,False,https://letyshops.com/pl/shops/regatta-pl,,https://alerabat.com/kody-promocyjne/regatta,https://goodie.pl/marka/regatta,Webgains,B,Sport Fashion,Fashion,True,True,7.45,-2.17,261.77,2659.02,263.95,13.0,2.0,True
2026-07-13,iBOOD,1.0,%,,not_found,False,,not_found,2.0,up_to_%,2.0,up_to_%,alerabat,2.0,1.0,LOWER,10.329999999999998,2.0,14.52,500.22,7.0,2.55,ACT NOW,UP,False,,,https://alerabat.com/kody-promocyjne/ibood,https://goodie.pl/marka/ibood,Webgains,B,Multi-Departments,Multi-Category,True,True,2.2,2.07,2.9,100.04,0.51,7.0,5.0,False
2026-07-13,Ninja,4.0,%,5.0,%,False,,not_found,2.5,up_to_%,,not_found,letyshops,5.0,1.0,LOWER,,,,,,,REVIEW,UP,False,https://letyshops.com/pl/shops/ninja-pl,,https://alerabat.com/kody-promocyjne/ninja,,,,,,,,,,,,,,,
2026-07-13,Philips,4.0,%,,no cashback,False,,not_found,2.5,up_to_%,5.0,%,goodie,5.0,1.0,LOWER,21.61,7.0,35.23,709.35,5.0,13.620000000000001,ACT NOW,UP,False,,,https://alerabat.com/kody-promocyjne/philips,https://goodie.pl/marka/philips,Tradedoubler,A,Appliance,Technology,True,True,5.25,10.8,17.61,354.68,6.81,5.0,2.0,False
2026-07-13,UBER,4.0,%,,no cashback,False,,not_found,5.0,up_to_%,,no cashback,alerabat,5.0,1.0,LOWER,,,,,,,REVIEW,UP,False,,,https://alerabat.com/kody-promocyjne/uber,https://goodie.pl/marka/uber,,,,,,,,,,,,,,
2026-07-13,Top Secret,4.2,%,,no cashback,False,,not_found,5.0,up_to_%,,no cashback,alerabat,5.0,0.8,LOWER,0.0,7.0,49.57,708.15,2.0,49.56,ACT NOW,UP,False,,,https://alerabat.com/kod-rabatowy/topsecret,https://goodie.pl/marka/top-secret,No Affiliate Network,E,Fashion,Fashion,True,False,7.0,0.0,24.78,354.08,24.78,2.0,2.0,False
2026-07-13,Vobis,1.0,%,1.75,%,False,,not_found,1.5,up_to_%,1.75,up_to_%,letyshops,1.75,0.75,LOWER,175.2,2.5,577.65,15662.39,11.0,402.45,ACT NOW,UP,False,https://letyshops.com/pl/shops/vobis-pl,,https://alerabat.com/kod-promocyjny/vobis-pl,https://goodie.pl/marka/vobis,Tradedoubler,A,Electronics,Technology,True,True,4.2,35.04,115.53,3132.48,80.49,11.0,5.0,False
2026-07-13,Acer,4.0,%,4.5,%,False,2.1,%,2.5,up_to_%,4.0,%,letyshops,4.5,0.5,LOWER,2.02,8.5,4.91,57.75,1.0,2.89,ACT NOW,UP,False,https://letyshops.com/pl/shops/acer-pl,https://www.picodi.com/pl/acer/offers,https://alerabat.com/kody-promocyjne/acer,https://goodie.pl/marka/acer,AWIN,C,Electronics,Technology,True,True,8.5,2.02,4.91,57.75,2.89,1.0,1.0,False
2026-07-13,Max Elektro,2.0,%,2.5,%,False,,not_found,1.0,up_to_%,1.0,%,letyshops,2.5,0.5,LOWER,113.10000000000001,2.0,472.62,11836.33,7.0,359.52000000000004,ACT NOW,UP,False,https://letyshops.com/pl/shops/maxelektro,,https://alerabat.com/kody-promocyjne/max-elektro,https://goodie.pl/marka/max-elektro-pl,Tradedoubler,B,Appliance,Technology,True,True,3.67,18.85,78.77,1972.72,59.92,7.0,6.0,False
2026-07-13,Modivo,3.5,%,3.5,%,False,,not_found,4.0,up_to_%,4.0,%,alerabat,4.0,0.5,LOWER,-5.699999999999999,3.8,134.14,2970.13,39.0,139.84,REVIEW,UP,False,https://letyshops.com/pl/shops/modivo-pl,,https://alerabat.com/kody-promocyjne/modivo,https://goodie.pl/marka/modivo,Tradedoubler,AAA,Fashion,Fashion,True,True,4.79,-0.57,13.41,297.01,13.98,39.0,10.0,True
2026-07-13,Triverna,2.0,%,2.4,%,False,,not_found,2.4,up_to_%,2.4,up_to_%,letyshops,2.4,0.4,LOWER,,,,,,,MONITOR,NONE,False,https://letyshops.com/pl/shops/triverna-pl,,https://alerabat.com/kod-promocyjny/triverna-pl,https://goodie.pl/marka/triverna,,,,,,,,,,,,,,
2026-07-13,Ceneo,1.0,%,,not_found,False,,not_found,1.32,up_to_%,,not_found,alerabat,1.32,0.32,LOWER,31.169999999999998,2.0,59.949999999999996,2917.3900000000003,36.0,28.779999999999998,ACT NOW,UP,False,,,https://alerabat.com/kody-promocyjne/ceneo,,Tradedoubler,C,Multi-Departments,Multi-Category,True,True,29.86,4.45,8.56,416.77,4.11,36.0,7.0,False
2026-07-13,Allegro,1.9,%,1.7,%,False,1.1,up_to_%,2.2,up_to_%,2.2,up_to_%,alerabat,2.2,0.3,LOWER,-17015.05,2.1,9519.01,560904.79,29321.0,26534.03,REVIEW,UP,False,https://letyshops.com/pl/shops/allegro-pl,https://www.picodi.com/pl/allegro/offers,https://alerabat.com/kody-promocyjne/allegro,https://goodie.pl/marka/allegro,Admitad,AA,Multi-Departments,Multi-Category,True,True,1.75,-1134.34,634.6,37393.65,1768.94,29321.0,15.0,True
2026-07-13,Foreo,3.5,%,3.75,%,False,,not_found,3.75,up_to_%,3.75,%,letyshops,3.75,0.25,LOWER,,,,,,,MONITOR,NONE,False,https://letyshops.com/pl/shops/foreo,,https://alerabat.com/kody-promocyjne/foreo,https://goodie.pl/marka/foreo,,,,,,,,,,,,,,
2026-07-13,Huawei,3.5,%,3.2,%,False,,not_found,3.46,up_to_%,3.6,up_to_%,goodie,3.6,0.1,LOWER,0.58,3.8,6.37,165.83,1.0,5.79,ACT NOW,UP,False,https://letyshops.com/pl/shops/huawei-pl,,https://alerabat.com/kody-promocyjne/huawei,https://goodie.pl/marka/huawei,Tradedoubler,A,Electronics,Technology,True,True,3.8,0.58,6.37,165.83,5.79,1.0,1.0,False
2026-07-13,Intymna,3.0,%,,not_found,False,,not_found,3.1,up_to_%,,not_found,alerabat,3.1,0.1,LOWER,0.41,6.2,1.45,23.46,1.0,1.04,ACT NOW,UP,False,,,https://alerabat.com/kod-promocyjny/intymna-pl,,Tradedoubler,C,Fashion,Fashion,True,False,6.2,0.41,1.45,23.46,1.04,1.0,1.0,False
2026-07-13,GOG,3.0,%,3.0,%,False,,not_found,3.1,up_to_%,3.0,%,alerabat,3.1,0.1,LOWER,4.08,6.0,11.28,188.07,46.0,6.43,ACT NOW,UP,False,https://letyshops.com/pl/shops/gog,,https://alerabat.com/kody-promocyjne/gog,https://goodie.pl/marka/gog-com,Commission Junction,B,Online Gaming,Technology,True,True,6.0,1.02,2.82,47.02,1.61,46.0,4.0,False
2026-07-13,Vasco Electronics,3.0,%,3.0,%,False,,not_found,2.0,up_to_%,2.0,%,letyshops,3.0,0.0,OK,0.0,4.0,22.49,562.3,1.0,0.0,OPTIMISE,NONE,True,https://letyshops.com/pl/shops/vasco-electronics-pl,,https://alerabat.com/kody-promocyjne/vasco-electronics,https://goodie.pl/marka/vasco-electronics,Tradedoubler,F,not_attributed,not_attributed,True,True,4.0,0.0,22.49,562.3,0.0,1.0,1.0,False
2026-07-13,Teufel,4.0,%,2.0,%,False,,not_found,4.0,up_to_%,2.0,%,alerabat,4.0,0.0,OK,0.0,4.0,95.09,2377.17,2.0,95.08,OPTIMISE,NONE,True,https://letyshops.com/pl/shops/teufel-pl,,https://alerabat.com/kody-promocyjne/teufel,https://goodie.pl/marka/teufel,Rakuten,D,Electronics,Technology,True,True,4.0,0.0,47.54,1188.58,47.54,2.0,2.0,False
2026-07-13,Tescoma,3.5,%,,not_found,False,,not_found,3.5,up_to_%,3.5,%,alerabat,3.5,0.0,OK,33.66,7.0,67.32,961.78,1.0,33.66,OPTIMISE,NONE,True,,,https://alerabat.com/kody-promocyjne/tescoma,https://goodie.pl/marka/tescoma,Commission Junction,E,Home & Garden,Multi-Category,True,False,7.0,33.66,67.32,961.78,33.66,1.0,1.0,False
2026-07-13,Świat supli,2.5,%,,not_found,False,,not_found,2.5,up_to_%,,not_found,alerabat,2.5,0.0,OK,0.0,5.0,136.09,2721.87,8.0,136.09,OPTIMISE,NONE,True,,,https://alerabat.com/kody-promocyjne/swiat-supli,,AWIN,B,Food & Drink,Lifestyle,True,True,5.0,0.0,34.02,680.47,34.02,8.0,4.0,False
2026-07-13,Mountain Warehouse,3.0,%,3.0,%,False,,not_found,3.0,up_to_%,3.0,%,letyshops,3.0,0.0,OK,0.0,6.0,8.67,144.46,1.0,8.67,OPTIMISE,NONE,True,https://letyshops.com/pl/shops/mountain-warehouse-pl,,https://alerabat.com/kody-promocyjne/mountainwarehouse,https://goodie.pl/marka/mountain-warehouse,AWIN,B,Fashion,Fashion,True,True,6.0,0.0,8.67,144.46,8.67,1.0,1.0,False
2026-07-13,Krakvet,3.0,%,3.0,%,False,,not_found,1.4,up_to_%,2.0,%,letyshops,3.0,0.0,OK,-22.29,2.8,22.6,595.75,6.0,44.9,ACT NOW,DOWN,True,https://letyshops.com/pl/shops/krakvet,,https://alerabat.com/kody-promocyjne/krakvet-pl,https://goodie.pl/marka/krakvet,Tradedoubler,A,Pets,Lifestyle,True,True,3.6,-7.43,7.53,198.58,14.97,6.0,3.0,True
2026-07-13,Lookfantastic,5.0,%,5.0,%,False,,not_found,5.0,up_to_%,5.0,up_to_%,letyshops,5.0,0.0,OK,-0.44,4.8,2.2,45.38,2.0,2.64,ACT NOW,DOWN,True,https://letyshops.com/pl/shops/lookfantastic-pl,,https://alerabat.com/kod-promocyjny/lookfantastic-com,https://goodie.pl/marka/lookfantastic,,,,,,,,,,,,,,
2026-07-13,Medicine,3.0,%,3.0,%,False,,not_found,3.0,up_to_%,,not_found,letyshops,3.0,0.0,OK,17.86,6.0,36.97,616.06,11.0,19.11,OPTIMISE,NONE,True,https://letyshops.com/pl/shops/medicine-pl,,https://alerabat.com/kody-promocyjne/medicine,,AWIN,A+,Fashion,Fashion,True,True,6.0,3.57,7.39,123.21,3.82,11.0,5.0,False
2026-07-13,PRM,6.0,%,6.0,%,False,,not_found,2.0,up_to_%,,not_found,letyshops,6.0,0.0,OK,110.27000000000001,10.0,304.21000000000004,3042.04,11.0,193.94,OPTIMISE,NONE,True,https://letyshops.com/pl/shops/prm-pl,,https://alerabat.com/kody-promocyjne/prm,,Commission Junction,A,Fashion,Fashion,True,True,10.0,18.38,50.7,507.01,32.32,11.0,6.0,False
2026-07-13,Crocs,2.0,%,,no cashback,False,,not_found,2.0,up_to_%,,no cashback,alerabat,2.0,0.0,OK,21.78,4.0,78.2,1954.99,4.0,56.42,OPTIMISE,NONE,True,,,https://alerabat.com/kod-promocyjny/crocs-pl,https://goodie.pl/marka/crocs,AWIN,C,Footwear,Fashion,True,True,4.0,10.89,39.1,977.5,28.21,4.0,2.0,False
2026-07-13,OBI,2.5,%,2.5,%,False,1.5,%,2.5,up_to_%,2.5,up_to_%,letyshops,2.5,0.0,OK,79.8,5.0,391.44,7831.41,26.0,305.0,OPTIMISE,NONE,True,https://letyshops.com/pl/shops/obi-pl,https://www.picodi.com/pl/obi/offers,https://alerabat.com/kody-promocyjne/obi,https://goodie.pl/marka/obi,Commission Junction,A,Home & Garden,Multi-Category,True,True,5.0,11.4,55.92,1118.77,43.57,26.0,7.0,False
2026-07-13,Born2Be,3.0,%,3.0,%,False,1.8,%,3.0,up_to_%,3.0,%,letyshops,3.0,0.0,OK,19.48,6.0,178.98,2965.66,15.0,159.5,OPTIMISE,NONE,True,https://letyshops.com/pl/shops/born2be-pl,https://www.picodi.com/pl/born2be/offers,https://alerabat.com/kody-promocyjne/born2be-pl,https://goodie.pl/marka/born2be,Tradedoubler,A,Fashion,Fashion,True,True,6.1,2.78,25.57,423.67,22.79,15.0,7.0,False
2026-07-13,BasicLab,2.0,%,,no cashback,False,1.2,%,2.0,up_to_%,,not_found,alerabat,2.0,0.0,OK,0.55,3.0,365.41999999999996,12180.35,11.0,364.88,OPTIMISE,NONE,True,,https://www.picodi.com/pl/basiclab/offers,https://alerabat.com/kody-promocyjne/basiclab,,AWIN,B,Health & Beauty,Multi-Category,True,True,3.0,0.11,73.08,2436.07,72.98,11.0,5.0,False
2026-07-13,Electrolux,2.0,%,2.0,%,False,,not_found,2.0,up_to_%,2.0,%,letyshops,2.0,0.0,OK,184.13,4.0,2061.37,47281.45,11.0,1877.24,OPTIMISE,NONE,True,https://letyshops.com/pl/shops/electrolux-pl,,https://alerabat.com/kody-promocyjne/electrolux,https://goodie.pl/marka/electrolux,Tradedoubler,B,Appliance,Technology,True,True,4.24,36.83,412.27,9456.29,375.45,11.0,5.0,False
2026-07-13,Cyfrowe.pl,2.0,%,,not_found,False,,not_found,1.05,up_to_%,2.0,up_to_%,goodie,2.0,0.0,OK,-23.55,2.1,270.02,14643.220000000001,12.0,276.15,ACT NOW,DOWN,True,,,https://alerabat.com/kod-promocyjny/cyfrowe-pl,https://goodie.pl/marka/cyfrowe-pl,Tradetracker,B,Electronics,Technology,True,True,1.82,-4.71,54.0,2928.64,55.23,12.0,5.0,True
2026-07-13,Fera,2.0,%,2.0,%,False,,not_found,2.0,up_to_%,2.0,%,letyshops,2.0,0.0,OK,0.0,4.0,3.38,84.53,3.0,3.38,OPTIMISE,NONE,True,https://letyshops.com/pl/shops/fera-pl,,https://alerabat.com/kod-promocyjny/fera-pl,https://goodie.pl/marka/fera,AWIN,C,Pets,Lifestyle,True,True,4.0,0.0,1.69,42.26,1.69,3.0,2.0,False
2026-07-13,Giacomo Conti,5.0,%,2.5,%,False,,not_found,4.0,up_to_%,5.0,%,goodie,5.0,0.0,OK,0.0,5.0,618.38,12367.68,6.0,618.39,OPTIMISE,NONE,True,https://letyshops.com/pl/shops/giacomo-conti,,https://alerabat.com/kod-promocyjny/giacomo-pl,https://goodie.pl/marka/giacomo-conti,Tradetracker,C,Fashion,Fashion,True,True,5.0,0.0,206.13,4122.56,206.13,6.0,3.0,False
2026-07-13,Greenpoint,4.0,%,2.0,%,False,,not_found,2.0,up_to_%,4.0,%,goodie,4.0,0.0,OK,70.63000000000001,8.0,137.72,1721.6399999999999,9.0,67.09,OPTIMISE,NONE,True,https://letyshops.com/pl/shops/greenpoint-pl,,https://alerabat.com/kody-promocyjne/greenpoint,https://goodie.pl/marka/greenpoint,Webgains,D,Fashion,Fashion,True,True,8.0,11.77,22.95,286.94,11.18,9.0,6.0,False
2026-07-13,Eventim,1.0,%,1.0,%,False,,not_found,1.0,up_to_%,1.0,%,letyshops,1.0,0.0,OK,2.14,2.0,11.379999999999999,568.86,7.0,9.239999999999998,OPTIMISE,NONE,True,https://letyshops.com/pl/shops/eventim-pl,,https://alerabat.com/kody-promocyjne/eventim,https://goodie.pl/marka/eventim,AWIN,B,Unknown,Unknown,True,True,2.0,0.54,2.84,142.22,2.31,7.0,4.0,False
2026-07-13,Castorama,2.5,%,2.0,%,False,,not_found,2.0,up_to_%,2.5,%,goodie,2.5,0.0,OK,73.57000000000001,4.0,612.0,15300.97,46.0,538.44,OPTIMISE,NONE,True,https://letyshops.com/pl/shops/castorama-pl,,https://alerabat.com/kody-promocyjne/castorama,https://goodie.pl/marka/castorama,Admitad,A,Home & Garden,Multi-Category,True,True,4.0,9.2,76.5,1912.62,67.31,46.0,8.0,False
2026-07-13,Udemy,10.0,%,6.5,%,False,,not_found,10.0,up_to_%,,no cashback,alerabat,10.0,0.0,OK,0.0,20.0,18.5,93.37,9.0,18.5,OPTIMISE,NONE,True,https://letyshops.com/pl/shops/udemy,,https://alerabat.com/kody-promocyjne/udemy-com,https://goodie.pl/marka/udemy,Impact Radius,B,Business / Office,Technology,True,True,18.96,0.0,3.7,18.67,3.7,9.0,5.0,False
2026-07-13,VidaXL,2.5,%,2.5,%,False,,not_found,2.5,up_to_%,2.0,%,letyshops,2.5,0.0,OK,0.66,2.9,10.82,373.21,3.0,6.43,OPTIMISE,NONE,True,https://letyshops.com/pl/shops/vida-xl,,https://alerabat.com/kody-promocyjne/vida-xl,https://goodie.pl/marka/vida-xl,Tradetracker,B,Health & Beauty,Multi-Category,True,True,2.9,0.22,3.61,124.4,2.14,3.0,3.0,False
2026-07-13,24mx,2.5,%,2.5,%,False,,not_found,2.5,up_to_%,,not_found,letyshops,2.5,0.0,OK,,,,,,,MONITOR,NONE,True,https://letyshops.com/pl/shops/24mx-pl,,https://alerabat.com/kody-promocyjne/24mx,,,,,,,,,,,,,,,
2026-07-13,iParts,1.8,%,,no cashback,False,,not_found,1.75,up_to_%,,no cashback,alerabat,1.75,-0.05,OK,0.0,3.5,11.379999999999999,324.97999999999996,2.0,11.379999999999999,OPTIMISE,NONE,True,,,https://alerabat.com/kody-promocyjne/iparts-pl,https://goodie.pl/marka/iparts,Tradetracker,B,Automotive,Lifestyle,True,True,3.5,0.0,5.69,162.49,5.69,2.0,2.0,False
2026-07-13,Dyson,2.5,%,2.4,%,False,,not_found,2.4,up_to_%,2.0,%,letyshops,2.4,-0.1,OK,-0.1,4.0,14.62,365.39,4.0,14.72,ACT NOW,DOWN,True,https://letyshops.com/pl-en/shops/dyson-pl,,https://alerabat.com/kody-promocyjne/dyson,https://goodie.pl/marka/dyson,Tradedoubler,A+,Electronics,Technology,True,True,1.0,-0.02,3.66,91.35,3.68,4.0,4.0,True
2026-07-13,Lokalny Rolnik,4.5,%,4.4,%,False,,not_found,2.8,up_to_%,2.8,%,letyshops,4.4,-0.1,OK,,,,,,,OPTIMISE,NONE,True,https://letyshops.com/pl/shops/lokalny-rolnik-pl,,https://alerabat.com/kody-promocyjne/lokalny-rolnik,https://goodie.pl/marka/lokalny-rolnik,,,,,,,,,,,,,,
2026-07-13,KurJerzy.pl,3.0,%,2.8,%,False,,not_found,,not_found,,not_found,letyshops,2.8,-0.2,OK,,,,,,,OPTIMISE,NONE,True,https://letyshops.com/pl/shops/kurjerzy-pl,,,,,,,,,,,,,,,,,
2026-07-13,Brasty,2.0,%,0.5,%,False,1.8,up_to_%,1.0,up_to_%,,no cashback,picodi,1.8,-0.2,OK,2.0,1.0,332.03000000000003,16990.88,12.0,329.61,OPTIMISE,NONE,True,https://letyshops.com/pl/shops/brasty-pl,https://www.picodi.com/pl/brasty/offers,https://alerabat.com/kody-promocyjne/brasty-pl,https://goodie.pl/marka/brasty,,,,,,,,,,,,,,
2026-07-13,Converse,5.0,%,4.8,%,False,,not_found,4.8,up_to_%,3.0,%,letyshops,4.8,-0.2,OK,6.64,9.6,13.87,144.46,1.0,7.22,OPTIMISE,NONE,True,https://letyshops.com/pl/shops/converse-pl,,https://alerabat.com/kody-promocyjne/converse-pl,https://goodie.pl/marka/converse,AWIN,D,Footwear,Fashion,True,True,9.6,6.64,13.87,144.46,7.22,1.0,1.0,False
2026-07-13,KFC,3.0,%,2.75,%,False,,not_found,2.76,up_to_%,2.77,%,goodie,2.77,-0.23,OK,-0.9500000000000001,5.5,23.53,425.53000000000003,24.0,24.48,ACT NOW,DOWN,True,https://letyshops.com/pl/shops/kfc-polska,,https://alerabat.com/kody-promocyjne/kfc,https://goodie.pl/marka/kfc,Commission Junction,A,Food & Drink,Lifestyle,True,True,5.5,-0.12,2.94,53.19,3.06,24.0,8.0,True
2026-07-13,Merkury Market,2.0,%,,no cashback,False,,not_found,1.75,up_to_%,,no cashback,alerabat,1.75,-0.25,OK,65.32000000000001,3.5,773.76,22107.46,20.0,564.63,OPTIMISE,NONE,True,,,https://alerabat.com/kody-promocyjne/merkury-market,https://goodie.pl/marka/merkurymarket-pl,Tradetracker,A,Home & Garden,Multi-Category,True,True,3.5,10.89,128.96,3684.58,94.1,20.0,6.0,False
2026-07-13,Diablo Chairs,4.0,%,2.25,%,False,,not_found,3.75,up_to_%,2.25,%,alerabat,3.75,-0.25,OK,0.0,4.5,675.45,13919.25,7.0,675.44,OPTIMISE,NONE,True,https://letyshops.com/pl/shops/diablo-chairs,,https://alerabat.com/kody-promocyjne/diablo-chairs,https://goodie.pl/marka/diablochairs,Commission Junction,B,Home & Garden,Multi-Category,True,True,5.17,0.0,225.15,4639.75,225.15,7.0,3.0,False
2026-07-13,eSky,2.0,%,1.75,%,False,,not_found,1.75,up_to_%,1.75,%,letyshops,1.75,-0.25,OK,0.0,3.5,124.28,3551.07,5.0,124.28,OPTIMISE,NONE,True,https://letyshops.com/pl/shops/esky,,https://alerabat.com/kody-promocyjne/esky-pl,https://goodie.pl/marka/esky-pl,Admitad,B,Travel agencies,Travel,True,True,3.5,0.0,24.86,710.21,24.86,5.0,5.0,False
2026-07-13,Carrefour,2.0,%,1.5,%,False,,not_found,1.5,up_to_%,1.75,%,goodie,1.75,-0.25,OK,5.6000000000000005,3.6,19.759999999999998,620.6,11.0,14.16,OPTIMISE,NONE,True,https://letyshops.com/pl/shops/carrefour-pl,,https://alerabat.com/kody-promocyjne/carrefour,https://goodie.pl/marka/carrefour,Admitad,B,Multi-Departments,Multi-Category,True,True,3.1,0.93,3.29,103.43,2.36,11.0,6.0,False
2026-07-13,Ubisoft,0.5,%,,not_found,False,,not_found,,not_found,0.21,%,goodie,0.21,-0.29,OK,,,,,,,OPTIMISE,NONE,True,,,,https://goodie.pl/marka/ubisoft,,,,,,,,,,,,,,
2026-07-13,MebleMWM,3.5,%,3.2,%,False,,not_found,3.2,up_to_%,,no cashback,letyshops,3.2,-0.3,OK,4381.83,6.4,8200.64,128135.09,48.0,3818.81,OPTIMISE,NONE,True,https://letyshops.com/pl/shops/meblemwm-pl,,https://alerabat.com/kody-promocyjne/meble-mwm,https://goodie.pl/marka/meblemwm-pl,Tradedoubler,B,Home & Garden,Multi-Category,True,True,6.4,547.73,1025.08,16016.89,477.35,48.0,8.0,False
2026-07-13,Przyjaciele Kawy,4.0,%,3.7,%,False,,not_found,3.55,up_to_%,3.7,up_to_%,letyshops,3.7,-0.3,OK,5443.89,4.8,7757.8,162131.76,34.0,2313.91,OPTIMISE,NONE,True,https://letyshops.com/pl/shops/przyjaciele-kawy-pl,,https://alerabat.com/kody-promocyjne/przyjaciele-kawy,https://goodie.pl/marka/przyjacielekawy-pl,Tradedoubler,B,Food & Drink,Lifestyle,True,True,5.0,1088.78,1551.56,32426.35,462.78,34.0,5.0,False
2026-07-13,Bricomarche,3.5,%,2.4,%,False,,not_found,3.2,up_to_%,2.4,%,alerabat,3.2,-0.3,OK,27.72,4.8,199.68,3616.99,22.0,171.96,OPTIMISE,NONE,True,https://letyshops.com/pl/shops/bricomarche-pl,,https://alerabat.com/kody-promocyjne/bricomarche,https://goodie.pl/marka/bricomarche,Tradedoubler,B,Food & Drink,Lifestyle,True,True,6.0,3.46,24.96,452.12,21.5,22.0,8.0,False
2026-07-13,Trip.com,3.85,%,3.5,%,False,,not_found,,not_found,2.75,up_to_%,letyshops,3.5,-0.35,OK,59.50000000000001,5.5,317.20000000000005,8527.779999999999,15.0,257.70000000000005,OPTIMISE,NONE,True,https://letyshops.com/pl/shops/trip-com,,,https://goodie.pl/marka/trip-com,Admitad,E,not_attributed,not_attributed,True,True,4.32,11.9,63.44,1705.56,51.54,15.0,5.0,False
2026-07-13,Olimp Store,2.5,%,,not_found,False,,not_found,2.1,up_to_%,,no cashback,alerabat,2.1,-0.4,OK,1.02,4.2,5.37,128.07,3.0,2.84,OPTIMISE,NONE,True,,,https://alerabat.com/kody-promocyjne/olimp-store,https://goodie.pl/marka/olimp-store,Admitad,B,Health & Beauty,Multi-Category,True,True,4.2,0.51,2.68,64.04,1.42,3.0,2.0,False
2026-07-13,Lufthansa,1.2,%,0.75,%,False,,not_found,0.75,up_to_%,,no cashback,letyshops,0.75,-0.45,OK,-1.86,1.5,5.91,393.82,1.0,7.77,ACT NOW,DOWN,True,https://letyshops.com/pl/shops/lufthansa-pl,,https://alerabat.com/kod-promocyjny/lufthansa,https://goodie.pl/marka/lufthansa,Tradedoubler,F,not_attributed,not_attributed,True,True,1.5,-1.86,5.91,393.82,7.77,1.0,1.0,True
2026-07-13,Cropp,4.0,%,3.5,%,False,,not_found,3.5,up_to_%,3.0,%,letyshops,3.5,-0.5,OK,4.09,6.4,36.9,573.05,15.0,21.560000000000002,OPTIMISE,NONE,True,https://letyshops.com/pl/shops/cropp-pl,,https://alerabat.com/kod-promocyjny/cropp,https://goodie.pl/marka/cropp,Commission Junction,A,Fashion,Fashion,True,True,6.4,0.82,7.38,114.61,4.31,15.0,5.0,False
2026-07-13,eobuwie,4.0,%,3.5,%,False,,not_found,3.5,up_to_%,3.5,%,letyshops,3.5,-0.5,OK,48.49,5.6,343.27,7602.24,88.0,294.78,OPTIMISE,NONE,True,https://letyshops.com/pl/shops/eobuwie-pl,,https://alerabat.com/kod-promocyjny/eobuwie,https://goodie.pl/marka/eobuwie-pl,Tradedoubler,AAA,Footwear,Fashion,True,True,3.98,4.41,31.21,691.11,26.8,88.0,11.0,False
2026-07-13,Pyszne.pl,2.0,%,1.5,%,False,,not_found,1.5,up_to_%,1.5,up_to_%,letyshops,1.5,-0.5,OK,-585.5600000000001,3.0,135.0,4280.29,212.0,720.5500000000001,ACT NOW,DOWN,True,https://letyshops.com/pl-en/shops/pyszne-pl,,https://alerabat.com/kod-promocyjny/pyszne-pl,https://goodie.pl/marka/pyszne-pl,AWIN,A,Food & Drink,Lifestyle,True,True,3.25,-53.23,12.27,389.12,65.5,212.0,11.0,True
2026-07-13,Victoria's Secret,3.0,%,2.5,%,False,,not_found,2.0,up_to_%,,not_found,letyshops,2.5,-0.5,OK,5.8999999999999995,5.0,7.17,145.39000000000001,4.0,1.27,OPTIMISE,NONE,True,https://letyshops.com/pl/shops/victorias-secret-pl,,https://alerabat.com/kody-promocyjne/victorias-secret,,Webgains,B,Fashion,Fashion,True,True,4.5,2.95,3.58,72.7,0.64,4.0,2.0,False
2026-07-13,FotoForma,2.0,%,,not_found,False,,not_found,1.25,up_to_%,1.5,%,goodie,1.5,-0.5,OK,1.67,2.5,268.03,10721.34,3.0,266.36,OPTIMISE,NONE,True,,,https://alerabat.com/kody-promocyjne/fotoforma,https://goodie.pl/marka/fotoforma,Tradedoubler,B,Utilities,Services,True,True,2.5,1.67,268.03,10721.34,266.36,3.0,1.0,False
2026-07-13,MediaMarkt,4.0,%,3.5,%,False,1.8,up_to_%,3.0,up_to_%,3.0,up_to_%,letyshops,3.5,-0.5,OK,-433.73,4.0,661.2099999999999,29368.079999999998,79.0,1094.9499999999998,ACT NOW,DOWN,True,https://letyshops.com/pl/shops/media-markt-pl,https://www.picodi.com/pl/mediamarkt/offers,https://alerabat.com/kod-promocyjny/mediamarkt,https://goodie.pl/marka/media-markt,Tradedoubler,AA+,Electronics,Technology,True,True,2.42,-39.43,60.11,2669.83,99.54,79.0,11.0,True
2026-07-13,Empik,8.0,%,6.25,%,False,7.5,up_to_%,6.25,up_to_%,7.5,up_to_%,picodi,7.5,-0.5,OK,-2172.65,2.0,538.56,29540.62,354.0,2711.2,ACT NOW,DOWN,True,https://letyshops.com/pl/shops/empik-pl,https://www.picodi.com/pl/empik/offers,https://alerabat.com/kod-promocyjny/empik-com,https://goodie.pl/marka/empik,Tradedoubler,AAA,Multi-Departments,Multi-Category,True,True,2.29,-181.05,44.88,2461.72,225.93,354.0,12.0,True
2026-07-13,Lidl,1.0,%,0.5,%,False,0.5,%,,no cashback,0.5,%,letyshops,0.5,-0.5,OK,536.65,1.5,2039.46,40946.56,227.0,1502.8,OPTIMISE,NONE,True,https://letyshops.com/pl-en/shops/lidl-pl,https://www.picodi.com/pl/lidl/offers,https://alerabat.com/kody-promocyjne/lidl,https://goodie.pl/marka/lidl,Tradedoubler,A,Food & Drink,Lifestyle,True,True,1.69,67.08,254.93,5118.32,187.85,227.0,8.0,False
2026-07-13,Footshop,3.0,%,2.5,%,False,,not_found,2.5,up_to_%,2.5,up_to_%,letyshops,2.5,-0.5,OK,72.89,4.0,96.92,2403.37,3.0,24.03,OPTIMISE,NONE,True,https://letyshops.com/pl/shops/footshop-pl,,https://alerabat.com/kody-promocyjne/footshop-pl,https://goodie.pl/marka/footshop-pl,Commission Junction,B,Footwear,Fashion,True,True,4.0,72.89,96.92,2403.37,24.03,3.0,1.0,False
2026-07-13,iHerb,3.0,%,2.0,%,False,,not_found,2.5,up_to_%,2.0,up_to_%,alerabat,2.5,-0.5,OK,-61.8,4.0,64.05,1032.0,20.0,125.85,ACT NOW,DOWN,True,https://letyshops.com/pl/shops/iherb,,https://alerabat.com/kody-promocyjne/iherb,https://goodie.pl/marka/iherb,Admitad,B,Health & Beauty,Multi-Category,True,True,5.53,-8.83,9.15,147.43,17.98,20.0,7.0,True
2026-07-13,Peek & Cloppenburg,2.0,%,1.5,%,False,,not_found,,not_found,1.5,%,letyshops,1.5,-0.5,OK,2.94,3.0,11.469999999999999,382.47,4.0,8.53,OPTIMISE,NONE,True,https://letyshops.com/pl/shops/peek-cloppenburg-pl,,,https://goodie.pl/marka/peekcloppenburg,AWIN,B,Fashion,Fashion,True,True,3.0,0.98,3.82,127.49,2.84,4.0,3.0,False
2026-07-13,Yanosik,3.0,%,2.5,%,False,,not_found,2.0,up_to_%,2.0,%,letyshops,2.5,-0.5,OK,,,,,,,OPTIMISE,NONE,True,https://letyshops.com/pl/shops/yanosik-pl,,https://alerabat.com/kody-promocyjne/yanosik,https://goodie.pl/marka/yanosik-pl,,,,,,,,,,,,,,
2026-07-13,Samsung,3.0,%,2.5,%,False,,not_found,,not_found,2.5,up_to_%,letyshops,2.5,-0.5,OK,20.240000000000002,5.0,199.68,5027.8099999999995,4.0,179.44,OPTIMISE,NONE,True,https://letyshops.com/pl-en/shops/samsung-pl,,,https://goodie.pl/marka/samsung,AWIN,A+,Appliance,Technology,True,True,4.5,5.06,49.92,1256.95,44.86,4.0,4.0,False
2026-07-13,Tagomago,3.0,%,2.5,%,False,,not_found,2.5,up_to_%,2.5,%,letyshops,2.5,-0.5,OK,-0.34,5.4,3.62,72.67,2.0,3.96,ACT NOW,DOWN,True,https://letyshops.com/pl/shops/tagomago-pl,,https://alerabat.com/kod-promocyjny/tagomago-pl,https://goodie.pl/marka/tagomago-pl,Admitad,B,Health & Beauty,Multi-Category,True,True,4.6,-0.17,1.81,36.34,1.98,2.0,2.0,True
2026-07-13,Komputronik,1.5,%,1.0,%,False,,not_found,0.95,up_to_%,0.75,up_to_%,letyshops,1.0,-0.5,OK,2.52,1.5,146.36,9684.04,7.0,129.57,OPTIMISE,NONE,True,https://letyshops.com/pl-en/shops/komputronik-pl,,https://alerabat.com/kod-promocyjny/komputronik-pl,https://goodie.pl/marka/komputronik,Admitad,E,Electronics,Technology,True,True,1.5,0.5,29.27,1936.81,25.91,7.0,5.0,False
2026-07-13,LG,1.75,%,1.0,%,False,,not_found,0.25,up_to_%,1.25,%,goodie,1.25,-0.5,OK,-33.2,0.5,50.96,3660.62,6.0,84.16,ACT NOW,DOWN,True,https://letyshops.com/pl/shops/lg-pl,,https://alerabat.com/kody-promocyjne/lg,https://goodie.pl/marka/lg,AWIN,B,Appliance,Technology,True,True,1.7,-6.64,10.19,732.12,16.83,6.0,5.0,True
2026-07-13,New Balance,4.0,%,3.5,%,False,,not_found,2.5,up_to_%,2.5,up_to_%,letyshops,3.5,-0.5,OK,-21.410000000000004,3.0,44.51,956.11,10.0,50.21,ACT NOW,DOWN,True,https://letyshops.com/pl/shops/new-balance-pl,,https://alerabat.com/kody-promocyjne/new-balance,https://goodie.pl/marka/new-balance,AWIN,A,Sport Fashion,Fashion,True,True,5.38,-4.28,8.9,191.22,10.04,10.0,5.0,True
2026-07-13,Homla,2.5,%,,no cashback,False,,not_found,2.0,up_to_%,2.0,%,alerabat,2.0,-0.5,OK,1.4,4.8,29.18,607.9,11.0,27.78,OPTIMISE,NONE,True,,,https://alerabat.com/kody-promocyjne/homla,https://goodie.pl/marka/homla,Tradedoubler,A,Home & Garden,Multi-Category,True,True,4.8,0.2,4.17,86.84,3.97,11.0,7.0,False
2026-07-13,uPacjenta,3.36,%,,not_found,False,,not_found,2.8,up_to_%,2.8,%,alerabat,2.8,-0.56,OK,,,,,,,OPTIMISE,NONE,True,,,https://alerabat.com/kody-promocyjne/upacjenta,https://goodie.pl/marka/upacjenta,,,,,,,,,,,,,,
2026-07-13,eBilet,1.0,%,0.4,%,False,,not_found,0.4,up_to_%,0.4,%,letyshops,0.4,-0.6,OK,0.009999999999999988,0.8,2.86,283.64,4.0,2.8600000000000003,OPTIMISE,NONE,True,https://letyshops.com/pl/shops/ebilet-pl,,https://alerabat.com/kody-promocyjne/ebilet,https://goodie.pl/marka/ebilet,,,,,,,,,,,,,,
2026-07-13,zooplus,2.1,%,1.5,%,False,,not_found,1.5,up_to_%,1.5,up_to_%,letyshops,1.5,-0.6,OK,-1418.15,1.1,3489.58,143418.59,619.0,4907.74,ACT NOW,DOWN,True,https://letyshops.com/pl/shops/zooplus-pl,,https://alerabat.com/kod-promocyjny/zooplus-pl,https://goodie.pl/marka/zooplus,Tradedoubler,AA,Pets,Lifestyle,True,True,1.84,-109.09,268.43,11032.2,377.52,619.0,13.0,True
2026-07-13,ModnaKiecka.pl,4.0,%,,not_found,False,,not_found,,not_found,3.33,%,goodie,3.33,-0.67,OK,,,,,,,OPTIMISE,NONE,True,,,,https://goodie.pl/marka/modnakiecka-pl,,,,,,,,,,,,,,
2026-07-13,Gomez,4.0,%,3.3,%,False,,not_found,3.33,up_to_%,3.33,up_to_%,alerabat,3.33,-0.67,OK,4.63,3.3,79.04,1248.86,4.0,74.41,OPTIMISE,NONE,True,https://letyshops.com/pl/shops/gomez-pl,,https://alerabat.com/kody-promocyjne/gomez,https://goodie.pl/marka/gomez-pl,Tradedoubler,A,Fashion,Fashion,True,True,5.0,2.32,39.52,624.43,37.2,4.0,2.0,False
2026-07-13,LOT,1.5,%,,not_found,False,,not_found,0.75,up_to_%,,not_found,alerabat,0.75,-0.75,OK,3.79,1.5,185.92000000000002,12394.99,26.0,182.13,OPTIMISE,NONE,True,,,https://alerabat.com/kod-promocyjny/lot,,Commission Junction,A,Airlines,Travel,True,True,1.5,0.76,37.18,2479.0,36.43,26.0,5.0,False
2026-07-13,Leroy Merlin,2.5,%,1.75,%,False,1.3,%,1.75,up_to_%,1.75,%,letyshops,1.75,-0.75,OK,-7.249999999999998,3.5,879.57,24040.69,117.0,886.8,ACT NOW,DOWN,True,https://letyshops.com/pl/shops/leroy-merlin,https://www.picodi.com/pl/leroy-merlin/offers,https://alerabat.com/kod-promocyjny/leroy-merlin,https://goodie.pl/marka/leroy-merlin,Commission Junction,AA+,Home & Garden,Multi-Category,True,True,3.84,-0.56,67.66,1849.28,68.22,117.0,13.0,True
2026-07-13,iDream,3.0,%,,not_found,False,,not_found,2.17,up_to_%,,no cashback,alerabat,2.17,-0.83,OK,-40.66,4.3,193.79000000000002,7814.84,8.0,234.44,ACT NOW,DOWN,True,,,https://alerabat.com/kody-promocyjne/idream,https://goodie.pl/marka/idream,Tradetracker,B,Electronics,Technology,True,True,2.14,-8.13,38.76,1562.97,46.89,8.0,5.0,True
2026-07-13,SeePlaces,3.15,%,2.25,%,False,,not_found,2.25,up_to_%,2.25,%,letyshops,2.25,-0.9,OK,,,,,,,OPTIMISE,NONE,True,https://letyshops.com/pl/shops/seeplaces-pl,,https://alerabat.com/kody-promocyjne/seeplaces,https://goodie.pl/marka/seeplaces,,,,,,,,,,,,,,
2026-07-13,E-Kwiaty,4.0,%,3.0,%,False,,not_found,3.1,up_to_%,3.1,%,alerabat,3.1,-0.9,OK,,,,,,,OPTIMISE,NONE,True,https://letyshops.com/pl/shops/e-kwiaty-pl,,https://alerabat.com/kody-promocyjne/e-kwiaty,https://goodie.pl/marka/e-kwiaty-pl,,,,,,,,,,,,,,
2026-07-13,Renee,6.0,%,3.0,%,False,,not_found,3.0,up_to_%,5.0,%,goodie,5.0,-1.0,OK,-0.26,6.0,71.03999999999999,1184.0199999999998,9.0,71.31,ACT NOW,DOWN,True,https://letyshops.com/pl-en/shops/renee,,https://alerabat.com/kody-promocyjne/renee-pl,https://goodie.pl/marka/renee-pl,Tradedoubler,A+,Fashion,Fashion,True,True,6.0,-0.05,14.21,236.8,14.26,9.0,5.0,True
2026-07-13,Sun & Snow,4.5,%,2.25,%,False,,not_found,2.25,up_to_%,3.5,%,goodie,3.5,-1.0,OK,4.87,7.0,13.64,194.79,1.0,8.76,OPTIMISE,NONE,True,https://letyshops.com/pl/shops/sun-snow-pl,,https://alerabat.com/kody-promocyjne/sunandsnow,https://goodie.pl/marka/sunsnow,,,,,,,,,,,,,,
2026-07-13,Notino,3.5,%,2.5,%,False,,not_found,,not_found,2.5,up_to_%,letyshops,2.5,-1.0,OK,-105.38,1.8,2321.88,50429.53,147.0,2427.24,ACT NOW,DOWN,True,https://letyshops.com/pl-en/shops/notino-pl,,,https://goodie.pl/marka/notino,Commission Junction,AAA,Health & Beauty,Multi-Category,True,True,3.67,-11.71,257.99,5603.28,269.69,147.0,9.0,True
2026-07-13,Zwieger,3.0,%,2.0,%,False,,not_found,2.0,up_to_%,2.0,%,letyshops,2.0,-1.0,OK,3.44,4.0,14.07,351.77,1.0,10.63,OPTIMISE,NONE,True,https://letyshops.com/pl/shops/zwieger-pl,,https://alerabat.com/kody-promocyjne/zwieger,https://goodie.pl/marka/zwieger,Tradedoubler,E,Home & Garden,Multi-Category,True,True,4.0,3.44,14.07,351.77,10.63,1.0,1.0,False
2026-07-13,SportStyleStory,6.0,%,5.0,%,False,,not_found,3.0,up_to_%,3.0,up_to_%,letyshops,5.0,-1.0,OK,11.41,6.0,1283.59,21393.489999999998,13.0,1272.18,OPTIMISE,NONE,True,https://letyshops.com/pl/shops/sportstylestory-pl,,https://alerabat.com/kody-promocyjne/sportstylestory,https://goodie.pl/marka/sportstylestory-com,Tradedoubler,C,Sport Fashion,Fashion,True,True,6.0,2.28,256.72,4278.7,254.44,13.0,5.0,False
2026-07-13,Pandora,4.0,%,3.0,%,False,,not_found,3.0,up_to_%,3.0,%,letyshops,3.0,-1.0,OK,,,,,,,OPTIMISE,NONE,True,https://letyshops.com/pl/shops/pandora-pl,,https://alerabat.com/kody-promocyjne/pandora,https://goodie.pl/marka/pandora,,,,,,,,,,,,,,
2026-07-13,Brooks,6.0,%,,not_found,False,,not_found,5.0,up_to_%,,not_found,alerabat,5.0,-1.0,OK,,,,,,,OPTIMISE,NONE,True,,,https://alerabat.com/kody-promocyjne/brooks,,,,,,,,,,,,,,,
2026-07-13,Geekbuying.pl,5.0,%,4.0,%,False,,not_found,2.5,up_to_%,4.0,up_to_%,letyshops,4.0,-1.0,OK,15.02,5.0,86.47,1726.92,3.0,71.45,OPTIMISE,NONE,True,https://letyshops.com/pl/shops/geekbuying-pl,,https://alerabat.com/kody-promocyjne/geekbuying,https://goodie.pl/marka/geekbuying-pl,Admitad,C,Electronics,Technology,True,True,5.0,5.01,28.82,575.64,23.82,3.0,3.0,False
2026-07-13,Dermacol,3.0,%,,not_found,False,,not_found,2.0,up_to_%,,not_found,alerabat,2.0,-1.0,OK,-19.65,4.0,27.93,698.16,4.0,47.58,ACT NOW,DOWN,True,,,https://alerabat.com/kody-promocyjne/dermacol,,Commission Junction,E,not_attributed,not_attributed,True,True,4.0,-4.91,6.98,174.54,11.9,4.0,4.0,True
2026-07-13,Answear,3.0,%,2.0,%,False,1.2,up_to_%,1.75,up_to_%,2.0,up_to_%,letyshops,2.0,-1.0,OK,390.21999999999997,4.0,1193.55,33323.979999999996,41.0,803.31,OPTIMISE,NONE,True,https://letyshops.com/pl-en/shops/answear,https://www.picodi.com/pl/answear-com/offers,https://alerabat.com/kod-promocyjny/answear-com,https://goodie.pl/marka/answear-com,AWIN,AA+,Fashion,Fashion,True,True,3.59,43.36,132.62,3702.66,89.26,41.0,9.0,False
2026-07-13,Hebe,5.0,%,4.0,%,False,1.8,%,2.5,up_to_%,,no cashback,letyshops,4.0,-1.0,OK,-76.54,6.5,163.44,2577.39,114.0,239.98,ACT NOW,DOWN,True,https://letyshops.com/pl-en/shops/hebe,https://www.picodi.com/pl/hebe/offers,https://alerabat.com/kody-promocyjne/hebe,https://goodie.pl/marka/hebe,Tradedoubler,A,Health & Beauty,Multi-Category,True,True,6.29,-6.96,14.86,234.31,21.82,114.0,11.0,True
2026-07-13,Sony.pl,2.5,%,1.5,%,False,,not_found,1.5,up_to_%,1.5,up_to_%,letyshops,1.5,-1.0,OK,,,,,,,OPTIMISE,NONE,True,https://letyshops.com/pl/shops/sony-pl,,https://alerabat.com/kod-promocyjny/sony-pl,https://goodie.pl/marka/sony-pl,,,,,,,,,,,,,,
2026-07-13,Streetstyle24,4.5,%,3.45,%,False,,not_found,3.46,up_to_%,3.46,%,alerabat,3.46,-1.04,OK,270.56,6.9,1377.08,19899.93,12.0,1106.5,OPTIMISE,NONE,True,https://letyshops.com/pl/shops/streetstyle24-pl,,https://alerabat.com/kody-promocyjne/streetstyle24-pl,https://goodie.pl/marka/streetstyle24-pl,AWIN,B,Bags & Accessories,Fashion,True,True,6.9,67.64,344.27,4974.98,276.62,12.0,4.0,False
2026-07-13,Kubota,4.5,%,,not_found,False,,not_found,3.45,up_to_%,,not_found,alerabat,3.45,-1.05,OK,,,,,,,OPTIMISE,NONE,True,,,https://alerabat.com/kody-promocyjne/kubota,,,,,,,,,,,,,,,
2026-07-13,Erli,3.58,%,2.2,%,False,,not_found,2.5,up_to_%,2.2,up_to_%,alerabat,2.5,-1.08,OK,-23.09,2.6,2232.59,69117.33,368.0,2255.67,ACT NOW,DOWN,True,https://letyshops.com/pl-en/shops/erli,,https://alerabat.com/kody-promocyjne/erli,https://goodie.pl/marka/erli-pl,Admitad,A+,Multi-Departments,Multi-Category,True,True,3.21,-2.31,223.26,6911.73,225.57,368.0,10.0,True
2026-07-13,Cocolita,3.5,%,2.25,%,False,,not_found,,no cashback,2.25,%,letyshops,2.25,-1.25,OK,119.41999999999999,4.5,255.86,4781.67,12.0,136.44,OPTIMISE,NONE,True,https://letyshops.com/pl/shops/cocolita-pl,,https://alerabat.com/kody-promocyjne/cocolita-pl,https://goodie.pl/marka/cocolita,Tradedoubler,AA,Health & Beauty,Multi-Category,True,True,5.72,19.9,42.64,796.94,22.74,12.0,6.0,False
2026-07-13,eZebra,6.0,%,4.75,%,False,,not_found,4.0,up_to_%,4.0,up_to_%,letyshops,4.75,-1.25,OK,,,,,,,OPTIMISE,NONE,True,https://letyshops.com/pl/shops/ezebra,,https://alerabat.com/kod-promocyjny/ezebra,https://goodie.pl/marka/e-zebra-pl,,,,,,,,,,,,,,
2026-07-13,Perfumeria,3.84,%,2.5,%,False,,not_found,2.5,up_to_%,1.92,%,letyshops,2.5,-1.34,OK,,,,,,,OPTIMISE,NONE,True,https://letyshops.com/pl/shops/perfumeria-pl,,https://alerabat.com/kod-promocyjny/perfumeria-pl,https://goodie.pl/marka/perfumeria-pl,,,,,,,,,,,,,,
2026-07-13,ALAB Laboratoria,6.0,%,4.6,%,False,1.9,%,3.12,up_to_%,3.12,%,letyshops,4.6,-1.4,OK,4.16,6.2,53.239999999999995,811.02,13.0,49.07,OPTIMISE,NONE,True,https://letyshops.com/pl/shops/alab-laboratoria-pl,https://www.picodi.com/pl/alablaboratoria/offers,https://alerabat.com/kody-promocyjne/alab,https://goodie.pl/marka/alab-laboratoria,,,,,,,,,,,,,,
2026-07-13,TestDNA,3.5,%,,not_found,False,,not_found,2.1,up_to_%,,not_found,alerabat,2.1,-1.4,OK,,,,,,,OPTIMISE,NONE,True,,,https://alerabat.com/kody-promocyjne/testdna,,,,,,,,,,,,,,,
2026-07-13,Znak,3.0,%,1.5,%,False,,not_found,1.6,up_to_%,,no cashback,alerabat,1.6,-1.4,OK,,,,,,,OPTIMISE,NONE,True,https://letyshops.com/pl/shops/znak,,https://alerabat.com/kod-promocyjny/znak,https://goodie.pl/marka/znak,,,,,,,,,,,,,,
2026-07-13,Katalog Marzeń,2.8,%,1.35,%,False,,not_found,,not_found,1.35,up_to_%,letyshops,1.35,-1.45,OK,0.0,2.8,4.24,151.23000000000002,4.0,4.24,OPTIMISE,NONE,True,https://letyshops.com/pl/shops/katalog-marzen-pl,,,https://goodie.pl/marka/katalog-marzen,Admitad,D,Gifts & Flowers,Lifestyle,True,True,2.8,0.0,1.06,37.81,1.06,4.0,4.0,False
2026-07-13,IKEA,4.0,%,,no cashback,False,,not_found,,no cashback,2.5,%,goodie,2.5,-1.5,OK,,,,,,,OPTIMISE,NONE,True,,,https://alerabat.com/kody-promocyjne/ikea,https://goodie.pl/marka/ikea,,,,,,,,,,,,,,
2026-07-13,Joom,9.0,%,,no cashback,False,,not_found,7.5,up_to_%,5.25,up_to_%,alerabat,7.5,-1.5,OK,0.12,9.8,6.7700000000000005,69.23,6.0,6.65,OPTIMISE,NONE,True,,,https://alerabat.com/kody-promocyjne/joom,https://goodie.pl/marka/joom,Admitad,D,Multi-Departments,Multi-Category,True,True,9.8,0.06,3.38,34.62,3.32,6.0,2.0,False
2026-07-13,Gameseal,3.0,%,1.5,%,False,,not_found,1.5,up_to_%,1.5,%,letyshops,1.5,-1.5,OK,-1237.7099999999998,6.0,125.05999999999999,2084.46,56.0,1362.76,ACT NOW,DOWN,True,https://letyshops.com/pl/shops/gameseal,,https://alerabat.com/kody-promocyjne/gameseal,https://goodie.pl/marka/gameseal,Commission Junction,D,not_attributed,not_attributed,True,True,6.0,-206.28,20.84,347.41,227.13,56.0,6.0,True
2026-07-13,Gamivo,4.0,%,2.5,%,False,,not_found,2.5,up_to_%,2.5,%,letyshops,2.5,-1.5,OK,-1037.17,5.0,164.13,1667.38,39.0,1197.77,ACT NOW,DOWN,True,https://letyshops.com/pl/shops/gamivo,,https://alerabat.com/kody-promocyjne/gamivo,https://goodie.pl/marka/gamivo,Commission Junction,C,Electronics,Technology,True,True,8.33,-345.72,54.71,555.79,399.26,39.0,3.0,True
2026-07-13,Pitbull,5.0,%,3.5,%,False,,not_found,3.5,up_to_%,,no cashback,letyshops,3.5,-1.5,OK,,,,,,,OPTIMISE,NONE,True,https://letyshops.com/pl/shops/pitbull-pl,,https://alerabat.com/kody-promocyjne/pitbull-shop,https://goodie.pl/marka/pitbull,,,,,,,,,,,,,,
2026-07-13,Leo Express,4.0,%,,not_found,False,,not_found,2.5,up_to_%,2.5,%,alerabat,2.5,-1.5,OK,0.0,5.0,9.98,125.09,3.0,5.79,OPTIMISE,NONE,True,,,https://alerabat.com/kody-promocyjne/leoexpress,https://goodie.pl/marka/leoexpress,Commission Junction,E,not_attributed,not_attributed,True,True,9.5,0.0,4.99,62.54,2.9,3.0,2.0,False
2026-07-13,Michael Kors,3.0,%,,no cashback,False,,not_found,1.5,up_to_%,,no cashback,alerabat,1.5,-1.5,OK,,,,,,,OPTIMISE,NONE,True,,,https://alerabat.com/kody-promocyjne/michael-kors,https://goodie.pl/marka/michael-kors,,,,,,,,,,,,,,
2026-07-13,Flexispot,4.0,%,,not_found,False,,not_found,2.5,up_to_%,2.5,%,alerabat,2.5,-1.5,OK,3.52,5.0,17.58,351.66,1.0,14.07,OPTIMISE,NONE,True,,,https://alerabat.com/kody-promocyjne/flexispot,https://goodie.pl/marka/flexispot,Webgains,E,not_attributed,not_attributed,True,True,5.0,3.52,17.58,351.66,14.07,1.0,1.0,False
2026-07-13,Eltrox,4.5,%,2.75,%,False,,not_found,3.0,up_to_%,2.75,up_to_%,alerabat,3.0,-1.5,OK,0.0,4.5,289.63,6436.17,4.0,289.64,OPTIMISE,NONE,True,https://letyshops.com/pl/shops/eltrox-pl,,https://alerabat.com/kod-promocyjny/eltrox-pl,https://goodie.pl/marka/eltrox-pl,Tradetracker,D,Electronics,Technology,True,True,4.5,0.0,72.41,1609.04,72.41,4.0,4.0,False
2026-07-13,Flixbus,4.0,%,,no cashback,False,,not_found,2.5,up_to_%,2.5,up_to_%,alerabat,2.5,-1.5,OK,2.6999999999999997,2.8,24.21,558.0799999999999,41.0,21.509999999999998,OPTIMISE,NONE,True,,,https://alerabat.com/kody-promocyjne/flixbus,https://goodie.pl/marka/flixbus-pl,AWIN,B,Transports & Car rental,Travel,True,True,3.82,0.3,2.69,62.01,2.39,41.0,9.0,False
2026-07-13,xlmoto,4.0,%,,not_found,False,,not_found,2.5,up_to_%,,not_found,alerabat,2.5,-1.5,OK,,,,,,,OPTIMISE,NONE,True,,,https://alerabat.com/kody-promocyjne/xl-moto,,,,,,,,,,,,,,,
2026-07-13,G2A,3.0,%,1.15,%,False,,not_found,1.15,up_to_%,1.35,%,goodie,1.35,-1.65,OK,-1.02,3.8,17.84,449.55,27.0,18.87,ACT NOW,DOWN,True,https://letyshops.com/pl/shops/g2a,,https://alerabat.com/kody-promocyjne/g2a-com,https://goodie.pl/marka/g2a-com,AWIN,A,Online Gaming,Technology,True,True,3.97,-0.15,2.55,64.22,2.7,27.0,7.0,True
2026-07-13,home&you,6.5,%,2.0,%,False,1.2,up_to_%,,not_found,4.75,up_to_%,goodie,4.75,-1.75,OK,18.15,4.0,155.4,2538.51,33.0,137.25,OPTIMISE,NONE,True,https://letyshops.com/pl/shops/home-you,https://www.picodi.com/pl/home-you/offers,,https://goodie.pl/marka/homeyou,,,,,,,,,,,,,,
2026-07-13,Aelia,5.0,%,3.25,%,False,2.0,%,3.25,up_to_%,3.25,%,letyshops,3.25,-1.75,OK,2.16,6.5,5.83,89.66,1.0,3.67,OPTIMISE,NONE,True,https://letyshops.com/pl/shops/aelia,https://www.picodi.com/pl/aelia/offers,https://alerabat.com/kody-promocyjne/aelia,https://goodie.pl/marka/aelia,Tradedoubler,E,Health & Beauty,Multi-Category,True,True,6.5,2.16,5.83,89.66,3.67,1.0,1.0,False
2026-07-13,Perfumy.pl,5.0,%,3.25,%,False,,not_found,3.0,up_to_%,2.8,%,letyshops,3.25,-1.75,OK,6.91,5.7,57.76,1016.8,3.0,50.839999999999996,OPTIMISE,NONE,True,https://letyshops.com/pl/shops/perfumy,,https://alerabat.com/kody-promocyjne/perfumy-pl,https://goodie.pl/marka/perfumy,AWIN,C,Health & Beauty,Multi-Category,True,True,3.8,2.3,19.25,338.93,16.95,3.0,3.0,False
2026-07-13,CCC,5.0,%,3.25,%,False,2.7,up_to_%,3.25,up_to_%,3.25,up_to_%,letyshops,3.25,-1.75,OK,39.830000000000005,4.1,143.4,2374.6,46.0,103.56,OPTIMISE,NONE,True,https://letyshops.com/pl-en/shops/ccc-pl,https://www.picodi.com/pl/ccc/offers,https://alerabat.com/kody-promocyjne/ccc,https://goodie.pl/marka/ccc,AWIN,A+,Footwear,Fashion,True,True,5.79,3.98,14.34,237.46,10.36,46.0,10.0,False
2026-07-13,4kidspoint,3.5,%,1.75,%,False,,not_found,1.75,up_to_%,,no cashback,letyshops,1.75,-1.75,OK,,,,,,,OPTIMISE,NONE,True,https://letyshops.com/pl/shops/4kidspoint-pl,,https://alerabat.com/kody-promocyjne/4kidspoint-pl,https://goodie.pl/marka/4kidspoint-pl,,,,,,,,,,,,,,
2026-07-13,Reporter Young,3.5,%,,no cashback,False,,not_found,1.75,up_to_%,,not_found,alerabat,1.75,-1.75,OK,0.0,3.5,2.64,75.54,1.0,0.0,OPTIMISE,NONE,True,,,https://alerabat.com/kody-promocyjne/reporter-young,,Admitad,D,Fashion,Fashion,True,True,3.5,0.0,2.64,75.54,0.0,1.0,1.0,False
2026-07-13,Josera,5.5,%,3.75,%,False,,not_found,3.75,up_to_%,3.1,%,letyshops,3.75,-1.75,OK,,,,,,,OPTIMISE,NONE,True,https://letyshops.com/pl/shops/josera-pl,,https://alerabat.com/kody-promocyjne/josera,https://goodie.pl/marka/josera-pl,,,,,,,,,,,,,,
2026-07-13,7way,3.5,%,1.75,%,False,,not_found,1.75,up_to_%,1.75,%,letyshops,1.75,-1.75,OK,,,,,,,OPTIMISE,NONE,True,https://letyshops.com/pl/shops/7way,,https://alerabat.com/kody-promocyjne/7way,https://goodie.pl/marka/7way,,,,,,,,,,,,,,
2026-07-13,Primodo,5.0,%,,not_found,False,,not_found,3.1,up_to_%,,no cashback,alerabat,3.1,-1.9,OK,,,,,,,OPTIMISE,NONE,True,,,https://alerabat.com/kody-promocyjne/primodo,https://goodie.pl/marka/primodo,,,,,,,,,,,,,,
2026-07-13,Tefal,5.0,%,3.0,%,False,,not_found,3.0,up_to_%,3.08,%,goodie,3.08,-1.92,OK,5.15,7.8,14.25,183.77999999999997,2.0,9.09,OPTIMISE,NONE,True,https://letyshops.com/pl/shops/tefal-pl,,https://alerabat.com/kody-promocyjne/tefal,https://goodie.pl/marka/tefal,Tradedoubler,B,Home & Garden,Multi-Category,True,True,7.8,2.58,7.12,91.89,4.54,2.0,2.0,False
2026-07-13,Baseus,4.0,%,2.0,%,False,1.2,%,2.0,up_to_%,,not_found,letyshops,2.0,-2.0,OK,2.51,4.0,14.92,372.85,2.0,12.4,OPTIMISE,NONE,True,https://letyshops.com/pl/shops/baseus-pl,https://www.picodi.com/pl/baseus/offers,https://alerabat.com/kody-promocyjne/baseus,,Admitad,E,Electronics,Technology,True,True,4.0,2.51,14.92,372.85,12.4,2.0,1.0,False
2026-07-13,Sephora,7.5,%,5.5,%,False,3.3,up_to_%,3.0,up_to_%,4.5,up_to_%,letyshops,5.5,-2.0,OK,-15.27,5.0,57.75,1513.42,23.0,73.05,ACT NOW,DOWN,True,https://letyshops.com/pl-en/shops/sephora-pl,https://www.picodi.com/pl/sephora/offers,https://alerabat.com/kod-promocyjny/sephora,https://goodie.pl/marka/sephora,AWIN,A+,Fashion,Fashion,True,True,3.44,-1.39,5.25,137.58,6.64,23.0,11.0,True
2026-07-13,Agoda,5.0,%,,no cashback,False,1.8,%,3.0,up_to_%,3.0,%,alerabat,3.0,-2.0,OK,,,,,,,OPTIMISE,NONE,True,,https://www.picodi.com/pl/agoda/offers,https://alerabat.com/kody-promocyjne/agoda-com,https://goodie.pl/marka/agoda,,,,,,,,,,,,,,
2026-07-13,Under Armour,6.0,%,2.5,%,False,,not_found,4.0,up_to_%,3.0,%,alerabat,4.0,-2.0,OK,0.0,6.0,5.48,91.28,1.0,5.48,OPTIMISE,NONE,True,https://letyshops.com/pl/shops/under-armour-pl,,https://alerabat.com/kody-promocyjne/under-armour,https://goodie.pl/marka/under-armour,Impact Radius,C,Sport Fashion,Fashion,True,True,6.0,0.0,5.48,91.28,5.48,1.0,1.0,False
2026-07-13,Van Graaf,7.0,%,4.5,%,False,,not_found,5.0,up_to_%,,no cashback,alerabat,5.0,-2.0,OK,239.2,9.0,651.24,7077.33,5.0,412.03999999999996,OPTIMISE,NONE,True,https://letyshops.com/pl/shops/van-graaf-pl,,https://alerabat.com/kody-promocyjne/van-graaf,https://goodie.pl/marka/van-graaf,,,,,,,,,,,,,,
2026-07-13,Nike,7.0,%,,no cashback,False,,not_found,5.0,up_to_%,,no cashback,alerabat,5.0,-2.0,OK,-34.83,3.0,32.370000000000005,1078.82,15.0,67.19000000000001,ACT NOW,DOWN,True,,,https://alerabat.com/kody-promocyjne/nike,https://goodie.pl/marka/nike,No Affiliate Network,B,Sport Fashion,Fashion,True,False,3.0,-8.71,8.09,269.7,16.8,15.0,4.0,True
2026-07-13,Maxi Zoo,5.0,%,3.0,%,False,,not_found,3.0,up_to_%,3.0,up_to_%,letyshops,3.0,-2.0,OK,-146.19,3.0,3180.89,103068.71,822.0,3327.1,ACT NOW,DOWN,True,https://letyshops.com/pl/shops/maxi-zoo-pl,,https://alerabat.com/kody-promocyjne/maxi-zoo,https://goodie.pl/marka/maxi-zoo,AWIN,C,Pets,Lifestyle,True,True,3.12,-16.24,353.43,11452.08,369.68,822.0,9.0,True
2026-07-13,Fielmann,6.0,%,,not_found,False,,not_found,4.0,up_to_%,4.0,%,alerabat,4.0,-2.0,OK,2.64,8.0,31.759999999999998,397.08,5.0,29.119999999999997,OPTIMISE,NONE,True,,,https://alerabat.com/kody-promocyjne/fielmann,https://goodie.pl/marka/fielmann,AWIN,C,Health & Beauty,Multi-Category,True,True,8.0,1.32,15.88,198.54,14.56,5.0,2.0,False
2026-07-13,Bimba Y Lola,6.0,%,,not_found,False,2.4,%,4.0,up_to_%,4.0,%,alerabat,4.0,-2.0,OK,,,,,,,OPTIMISE,NONE,True,,https://www.picodi.com/pl/bimba-y-lola/offers,https://alerabat.com/kody-promocyjne/bimba-y-lola,https://goodie.pl/marka/bimba-y-lola,,,,,,,,,,,,,,
2026-07-13,Estro,7.0,%,5.0,%,False,,not_found,3.5,up_to_%,3.5,%,letyshops,5.0,-2.0,OK,0.0,7.0,41.3,590.05,2.0,36.28,OPTIMISE,NONE,True,https://letyshops.com/pl/shops/estro-pl,,https://alerabat.com/kody-promocyjne/estro,https://goodie.pl/marka/estro,Commission Junction,E,Fashion,Fashion,True,True,7.0,0.0,20.65,295.02,18.14,2.0,2.0,False
2026-07-13,Ucando,4.0,%,2.0,%,False,,not_found,2.0,up_to_%,2.0,%,letyshops,2.0,-2.0,OK,0.0,4.0,6.09,152.21,1.0,6.09,OPTIMISE,NONE,True,https://letyshops.com/pl/shops/ucando,,https://alerabat.com/kody-promocyjne/ucando-pl,https://goodie.pl/marka/ucando-pl,Tradetracker,D,Automotive,Lifestyle,True,True,4.0,0.0,6.09,152.21,6.09,1.0,1.0,False
2026-07-13,Kiwi,4.0,%,2.0,%,False,,not_found,1.5,up_to_%,,no cashback,letyshops,2.0,-2.0,OK,,,,,,,OPTIMISE,NONE,True,https://letyshops.com/pl/shops/kiwi,,https://alerabat.com/kody-promocyjne/kiwi,https://goodie.pl/marka/kiwi,Commission Junction,B,Travel agencies,Travel,True,True,3.75,0.64,2.9,75.47,1.27,2.0,2.0,False
2026-07-13,Vision Express,6.3,%,4.2,%,False,,not_found,3.0,up_to_%,4.25,%,goodie,4.25,-2.05,OK,-3.06,6.0,12.83,268.65,7.0,15.88,ACT NOW,DOWN,True,https://letyshops.com/pl/shops/vision-express-pl,,https://alerabat.com/kod-promocyjny/vision-express,https://goodie.pl/marka/vision-express,Commission Junction,B,Bags & Accessories,Fashion,True,True,5.0,-0.51,2.14,44.78,2.65,7.0,6.0,True
2026-07-13,Abra,4.2,%,,not_found,False,1.5,%,,not_found,2.1,%,goodie,2.1,-2.1,OK,23.01,4.2,968.35,23055.9,8.0,945.34,OPTIMISE,NONE,True,,https://www.picodi.com/pl/abra/offers,,https://goodie.pl/marka/abra,Tradedoubler,C,Home & Garden,Multi-Category,True,True,4.2,4.6,193.67,4611.18,189.07,8.0,5.0,False
2026-07-13,Stylevana,7.19,%,5.0,%,False,,not_found,3.6,up_to_%,3.6,%,letyshops,5.0,-2.19,OK,7.98,7.2,11.88,165.58,2.0,3.9,OPTIMISE,NONE,True,https://letyshops.com/pl/shops/stylevana,,https://alerabat.com/kody-promocyjne/stylevana,https://goodie.pl/marka/stylevana,Admitad,E,not_attributed,not_attributed,True,True,7.2,7.98,11.88,165.58,3.9,2.0,1.0,False
2026-07-13,NAOKO,5.0,%,2.8,%,False,,not_found,2.8,up_to_%,2.8,%,letyshops,2.8,-2.2,OK,,,,,,,OPTIMISE,NONE,True,https://letyshops.com/pl/shops/naoko-pl,,https://alerabat.com/kody-promocyjne/na-oko,https://goodie.pl/marka/naoko,,,,,,,,,,,,,,
2026-07-13,Cobi,4.0,%,1.75,%,False,,not_found,1.75,up_to_%,1.75,%,letyshops,1.75,-2.25,OK,,,,,,,OPTIMISE,NONE,True,https://letyshops.com/pl/shops/cobi-pl,,https://alerabat.com/kody-promocyjne/cobi,https://goodie.pl/marka/cobi,,,,,,,,,,,,,,
2026-07-13,Banggood,10.0,%,6.5,%,False,4.7,up_to_%,6.5,up_to_%,7.75,up_to_%,goodie,7.75,-2.25,OK,0.25,6.0,0.76,12.58,1.0,0.5,OPTIMISE,NONE,True,https://letyshops.com/pl/shops/banggood,https://www.picodi.com/pl/banggood-com/offers,https://alerabat.com/kod-promocyjny/banggood-com,https://goodie.pl/marka/banggood,Tradetracker,C,Electronics,Technology,True,True,6.0,0.25,0.76,12.58,0.5,1.0,1.0,False
2026-07-13,Drogeria.pl,4.5,%,2.25,%,False,,not_found,,not_found,2.25,%,letyshops,2.25,-2.25,OK,54.72,4.5,295.25,6253.200000000001,9.0,240.53,OPTIMISE,NONE,True,https://letyshops.com/pl/shops/drogeria-pl,,,https://goodie.pl/marka/drogeria-pl,Tradedoubler,E,not_attributed,not_attributed,True,True,5.0,10.94,59.05,1250.64,48.11,9.0,5.0,False
2026-07-13,Lacoste,8.0,%,5.0,%,False,,not_found,4.0,up_to_%,5.6,%,goodie,5.6,-2.4,OK,,,,,,,OPTIMISE,NONE,True,https://letyshops.com/pl/shops/lacoste-pl,,https://alerabat.com/kody-promocyjne/lacoste,https://goodie.pl/marka/lacoste,,,,,,,,,,,,,,
2026-07-13,e-torty,10.0,%,7.5,%,False,,not_found,7.5,up_to_%,7.5,%,letyshops,7.5,-2.5,OK,4.6,15.0,18.16,121.11,4.0,7.35,OPTIMISE,NONE,True,https://letyshops.com/pl/shops/e-torty-pl,,https://alerabat.com/kody-promocyjne/e-torty-pl,https://goodie.pl/marka/e-torty-pl,Tradedoubler,E,not_attributed,not_attributed,True,True,15.0,2.3,9.08,60.56,3.68,4.0,2.0,False
2026-07-13,Levi's,5.0,%,,no cashback,False,,not_found,2.5,up_to_%,,not_found,alerabat,2.5,-2.5,OK,,,,,,,OPTIMISE,NONE,True,,,https://alerabat.com/kody-promocyjne/levis,,,,,,,,,,,,,,,
2026-07-13,Yope,7.0,%,4.5,%,False,,not_found,4.5,up_to_%,4.5,%,letyshops,4.5,-2.5,OK,,,,,,,OPTIMISE,NONE,True,https://letyshops.com/pl/shops/yope-pl,,https://alerabat.com/kody-promocyjne/yope,https://goodie.pl/marka/yope,,,,,,,,,,,,,,
2026-07-13,Yves Rocher,5.0,%,2.5,%,False,,not_found,2.5,up_to_%,2.5,%,letyshops,2.5,-2.5,OK,0.0,5.0,5.01,100.28999999999999,2.0,5.01,OPTIMISE,NONE,True,https://letyshops.com/pl/shops/yves-rocher-pl,,https://alerabat.com/kod-promocyjny/yves-rocher,https://goodie.pl/marka/yves-rocher,Commission Junction,C,Health & Beauty,Multi-Category,True,True,5.0,0.0,2.5,50.14,2.5,2.0,2.0,False
2026-07-13,Loaded,5.0,%,2.5,%,False,,not_found,1.0,up_to_%,,not_found,letyshops,2.5,-2.5,OK,,,,,,,OPTIMISE,NONE,True,https://letyshops.com/pl/shops/cdkeys,,https://alerabat.com/kody-promocyjne/loaded,,,,,,,,,,,,,,,
2026-07-13,ESET,8.5,%,6.0,%,False,,not_found,5.5,up_to_%,5.5,%,letyshops,6.0,-2.5,OK,6.83,10.0,14.530000000000001,145.3,2.0,0.01,OPTIMISE,NONE,True,https://letyshops.com/pl/shops/eset-pl,,https://alerabat.com/kody-promocyjne/eset,https://goodie.pl/marka/eset-pl,Commission Junction,A,Electronics,Technology,True,True,10.0,3.42,7.26,72.65,0.0,2.0,2.0,False
2026-07-13,Euroflorist,10.0,%,7.5,%,False,,not_found,6.0,up_to_%,6.0,%,letyshops,7.5,-2.5,OK,-0.4099999999999999,12.0,9.76,81.35,3.0,10.17,ACT NOW,DOWN,True,https://letyshops.com/pl/shops/euroflorist-pl,,https://alerabat.com/kod-promocyjny/euroflorist,https://goodie.pl/marka/euroflorist,Tradedoubler,D,Unknown,Unknown,True,True,12.0,-0.14,3.25,27.12,3.39,3.0,3.0,True
2026-07-13,Mamyito,5.5,%,2.8,%,False,,not_found,2.8,up_to_%,2.4,%,letyshops,2.8,-2.7,OK,5.15,5.6,39.32,741.22,9.0,34.18,OPTIMISE,NONE,True,https://letyshops.com/pl/shops/mamyito-pl,,https://alerabat.com/kody-promocyjne/mamyito,https://goodie.pl/marka/mamyito-pl,Tradedoubler,D,not_attributed,not_attributed,True,True,5.12,1.03,7.86,148.24,6.84,9.0,5.0,False
2026-07-13,GetYourGuide,4.0,%,1.15,%,False,,not_found,1.15,up_to_%,1.15,%,letyshops,1.15,-2.85,OK,-1.1100000000000003,5.0,64.4,1287.71,14.0,59.07,ACT NOW,DOWN,True,https://letyshops.com/pl/shops/getyourguide-pl,,https://alerabat.com/kody-promocyjne/getyourguide,https://goodie.pl/marka/getyourguide-pl,Tradedoubler,B,Travel agencies,Travel,True,True,5.0,-0.19,10.73,214.62,9.85,14.0,6.0,True
2026-07-13,Marilyn,6.0,%,,not_found,False,,not_found,3.0,up_to_%,3.0,%,alerabat,3.0,-3.0,OK,0.0,6.0,80.10000000000001,1334.86,3.0,80.10000000000001,OPTIMISE,NONE,True,,,https://alerabat.com/kody-promocyjne/e-marilyn-pl,https://goodie.pl/marka/marilyn,Webgains,D,Fashion,Fashion,True,True,6.0,0.0,26.7,444.95,26.7,3.0,3.0,False
2026-07-13,AUTODOC,7.0,%,4.0,%,False,3.0,up_to_%,4.0,up_to_%,4.0,up_to_%,letyshops,4.0,-3.0,OK,9.24,10.0,76.77000000000001,783.92,2.0,67.53,OPTIMISE,NONE,True,https://letyshops.com/pl/shops/autodoc-pl,https://www.picodi.com/pl/autodoc/offers,https://alerabat.com/kody-promocyjne/autodoc,https://goodie.pl/marka/autodoc,,,,,,,,,,,,,,
2026-07-13,Kenwood,6.0,%,3.0,%,False,,not_found,3.0,up_to_%,,no cashback,letyshops,3.0,-3.0,OK,0.09,6.0,13.73,228.76,1.0,13.64,OPTIMISE,NONE,True,https://letyshops.com/pl/shops/kenwood-pl,,https://alerabat.com/kody-promocyjne/kenwood,https://goodie.pl/marka/kenwood,Tradedoubler,C,Home & Garden,Multi-Category,True,True,6.0,0.09,13.73,228.76,13.64,1.0,1.0,False
2026-07-13,Petkarma,8.0,%,,not_found,False,,not_found,5.0,up_to_%,,no cashback,alerabat,5.0,-3.0,OK,0.0,5.0,73.48,1469.5300000000002,2.0,73.48,OPTIMISE,NONE,True,,,https://alerabat.com/kody-promocyjne/petkarma-pl,https://goodie.pl/marka/petkarma-pl,Commission Junction,D,Pets,Lifestyle,True,True,5.0,0.0,36.74,734.77,36.74,2.0,2.0,False
2026-07-13,Adidas,6.0,%,3.0,%,False,1.8,up_to_%,3.0,up_to_%,3.0,up_to_%,letyshops,3.0,-3.0,OK,1.8199999999999898,6.0,213.32,5832.41,98.0,211.47000000000003,OPTIMISE,NONE,True,https://letyshops.com/pl/shops/adidas-polska,https://www.picodi.com/pl/adidas-pl/offers,https://alerabat.com/kod-promocyjny/adidas-pl,https://goodie.pl/marka/adidas,,,,,,,,,,,,,,
2026-07-13,Airalo,9.0,%,,not_found,False,3.5,up_to_%,5.76,up_to_%,5.0,%,alerabat,5.76,-3.24,OK,,,,,,,OPTIMISE,NONE,True,,https://www.picodi.com/pl/airalo/offers,https://alerabat.com/kody-promocyjne/airalo,https://goodie.pl/marka/airalo,,,,,,,,,,,,,,
2026-07-13,Desigual,7.7,%,3.8,%,False,,not_found,4.36,up_to_%,3.85,%,alerabat,4.36,-3.34,OK,,,,,,,OPTIMISE,NONE,True,https://letyshops.com/pl/shops/desigual-pl,,https://alerabat.com/kod-promocyjny/desigual,https://goodie.pl/marka/desigual,,,,,,,,,,,,,,
2026-07-13,EMP,7.0,%,3.5,%,False,,not_found,,not_found,,not_found,letyshops,3.5,-3.5,OK,0.0,4.0,1.96,49.04,1.0,1.96,OPTIMISE,NONE,True,https://letyshops.com/pl/shops/emp-pl,,,,AWIN,C,Entertainment,Lifestyle,True,True,4.0,0.0,1.96,49.04,1.96,1.0,1.0,False
2026-07-13,HP,7.0,%,3.5,%,False,,not_found,3.5,up_to_%,,not_found,letyshops,3.5,-3.5,OK,,,,,,,OPTIMISE,NONE,True,https://letyshops.com/pl/shops/hp-pl,,https://alerabat.com/kody-promocyjne/hp,,,,,,,,,,,,,,,
2026-07-13,Volcano,7.0,%,,no cashback,False,,not_found,3.5,up_to_%,,no cashback,alerabat,3.5,-3.5,OK,-0.57,7.0,233.63,3337.6,1.0,234.2,ACT NOW,DOWN,True,,,https://alerabat.com/kody-promocyjne/volcano,https://goodie.pl/marka/volcano,No Affiliate Network,C,Fashion,Fashion,True,False,7.0,-0.57,233.63,3337.6,234.2,1.0,1.0,True
2026-07-13,Philips Hue,7.0,%,3.5,%,False,,not_found,3.5,up_to_%,3.5,%,letyshops,3.5,-3.5,OK,,,,,,,OPTIMISE,NONE,True,https://letyshops.com/pl/shops/philips-hue-pl,,https://alerabat.com/kody-promocyjne/philips-hue,https://goodie.pl/marka/philips-hue,,,,,,,,,,,,,,
2026-07-13,Byrokko,10.0,%,,not_found,False,,not_found,4.5,up_to_%,6.5,up_to_%,goodie,6.5,-3.5,OK,31.22,17.0,37.9,222.97,1.0,6.69,OPTIMISE,NONE,True,,,https://alerabat.com/kody-promocyjne/byrokko,https://goodie.pl/marka/byrokko,Commission Junction,E,Health & Beauty,Multi-Category,True,True,17.0,31.22,37.9,222.97,6.69,1.0,1.0,False
2026-07-13,Douglas,9.0,%,4.0,%,False,3.0,up_to_%,5.0,up_to_%,4.0,up_to_%,alerabat,5.0,-4.0,OK,-18.09,12.0,103.71,1159.0500000000002,18.0,121.78999999999999,ACT NOW,DOWN,True,https://letyshops.com/pl/shops/douglas,https://www.picodi.com/pl/douglas/offers,https://alerabat.com/kod-promocyjny/douglas-pl,https://goodie.pl/marka/douglas,AWIN,AA+,Health & Beauty,Multi-Category,True,True,7.82,-2.26,12.96,144.88,15.22,18.0,8.0,True
2026-07-13,Puma,6.0,%,,no cashback,False,,not_found,1.0,up_to_%,2.0,up_to_%,goodie,2.0,-4.0,OK,0.0,4.5,319.47,5354.34,5.0,319.47,OPTIMISE,NONE,True,,,https://alerabat.com/kody-promocyjne/puma,https://goodie.pl/marka/puma,Commission Junction,C,Sport Fashion,Fashion,True,True,5.62,0.0,79.87,1338.58,79.87,5.0,4.0,False
2026-07-13,Zalando,8.0,%,,no cashback,False,,not_found,4.0,up_to_%,,no cashback,alerabat,4.0,-4.0,OK,,,,,,,OPTIMISE,NONE,True,,,https://alerabat.com/kod-promocyjny/zalando-pl,https://goodie.pl/marka/zalando,,,,,,,,,,,,,,
2026-07-13,Lampy.pl,8.0,%,4.0,%,False,,not_found,4.0,up_to_%,4.0,up_to_%,letyshops,4.0,-4.0,OK,-2.24,8.0,214.76999999999998,2712.5899999999997,4.0,217.0,ACT NOW,DOWN,True,https://letyshops.com/pl/shops/lampy-pl,,https://alerabat.com/kod-promocyjny/lampy-pl,https://goodie.pl/marka/lampy-pl,AWIN,B,Home & Garden,Multi-Category,True,True,7.5,-0.75,71.59,904.2,72.33,4.0,3.0,True
2026-07-13,Pan Materac,8.0,%,4.0,%,False,,not_found,4.0,up_to_%,4.0,%,letyshops,4.0,-4.0,OK,-7.029999999999999,8.0,2474.09,30926.02,13.0,2481.12,ACT NOW,DOWN,True,https://letyshops.com/pl/shops/pan-materac,,https://alerabat.com/kody-promocyjne/pan-materac,https://goodie.pl/marka/pan-materac,Tradedoubler,A,Home & Garden,Multi-Category,True,True,8.0,-1.17,412.35,5154.34,413.52,13.0,6.0,True
2026-07-13,Colorland,10.0,%,,no cashback,False,,not_found,1.75,up_to_%,5.75,%,goodie,5.75,-4.25,OK,-5.029999999999999,11.5,8.46,85.66,4.0,8.57,ACT NOW,DOWN,True,,,https://alerabat.com/kody-promocyjne/colorland,https://goodie.pl/marka/colorland,Tradetracker,A,Gifts & Flowers,Lifestyle,True,True,10.1,-1.68,2.82,28.55,2.86,4.0,3.0,True
2026-07-13,Drop,5.38,%,1.0,%,False,,not_found,,not_found,,not_found,letyshops,1.0,-4.38,OK,,,,,,,OPTIMISE,NONE,True,https://letyshops.com/pl/shops/drop,,,,,,,,,,,,,,,,,
2026-07-13,Endo,9.0,%,,no cashback,False,,not_found,4.5,up_to_%,4.5,%,alerabat,4.5,-4.5,OK,0.0,9.0,109.91,1221.22,2.0,109.91,OPTIMISE,NONE,True,,,https://alerabat.com/kod-rabatowy/endo,https://goodie.pl/marka/endo,AWIN,E,Fashion,Fashion,True,True,9.0,0.0,54.96,610.61,54.96,2.0,2.0,False
2026-07-13,Dstreet,9.0,%,4.5,%,False,,not_found,4.5,up_to_%,4.5,%,letyshops,4.5,-4.5,OK,0.0,9.0,724.89,8054.389999999999,14.0,724.89,OPTIMISE,NONE,True,https://letyshops.com/pl/shops/dstreet,,https://alerabat.com/kody-promocyjne/dstreet-pl,https://goodie.pl/marka/dstreet,,,,,,,,,,,,,,
2026-07-13,AXA Partners,15.0,%,,not_found,False,6.0,%,10.0,up_to_%,10.0,%,alerabat,10.0,-5.0,OK,3.56,20.0,14.26,71.32,2.0,10.7,OPTIMISE,NONE,True,,https://www.picodi.com/pl/axa-assistance/offers,https://alerabat.com/kody-promocyjne/axa-partners,https://goodie.pl/marka/axa-partners,Commission Junction,B,not_attributed,not_attributed,True,True,20.0,3.56,14.26,71.32,10.7,2.0,1.0,False
2026-07-13,Empik Foto,10.0,%,5.0,%,False,,not_found,5.0,up_to_%,5.0,up_to_%,letyshops,5.0,-5.0,OK,,,,,,,OPTIMISE,NONE,True,https://letyshops.com/pl/shops/empikfoto-pl,,https://alerabat.com/kod-promocyjny/empikfoto-pl,https://goodie.pl/marka/empik-foto,,,,,,,,,,,,,,
2026-07-13,MyProtein,10.0,%,3.0,%,False,,not_found,5.0,up_to_%,4.0,%,alerabat,5.0,-5.0,OK,,,,,,,OPTIMISE,NONE,True,https://letyshops.com/pl/shops/myprotein-pl,,https://alerabat.com/kod-promocyjny/myprotein,https://goodie.pl/marka/myprotein,,,,,,,,,,,,,,
2026-07-13,Sinsay,10.0,%,5.0,%,False,,not_found,5.0,up_to_%,5.0,up_to_%,letyshops,5.0,-5.0,OK,0.67,8.0,3.27,40.89,1.0,2.6,OPTIMISE,NONE,True,https://letyshops.com/pl-en/shops/sinsay-pl,,https://alerabat.com/kod-promocyjny/sinsay,https://goodie.pl/marka/sinsay,No Affiliate Network,AA+,Fashion,Fashion,True,False,8.0,0.67,3.27,40.89,2.6,1.0,1.0,False
2026-07-13,Wrangler,10.0,%,5.0,%,False,,not_found,5.0,up_to_%,5.0,%,letyshops,5.0,-5.0,OK,,,,,,,OPTIMISE,NONE,True,https://letyshops.com/pl/shops/wrangler-pl,,https://alerabat.com/kody-promocyjne/wrangler,https://goodie.pl/marka/wrangler,,,,,,,,,,,,,,
2026-07-13,Alibaba,8.4,%,,no cashback,False,2.5,up_to_%,3.08,up_to_%,2.8,up_to_%,alerabat,3.08,-5.32,OK,-2.08,5.6,84.95,1144.87,7.0,87.03,ACT NOW,DOWN,True,,https://www.picodi.com/pl/alibaba/offers,https://alerabat.com/kody-promocyjne/alibaba-com,https://goodie.pl/marka/alibaba-pl,Admitad,E,not_attributed,not_attributed,True,True,6.97,-0.69,28.32,381.62,29.01,7.0,3.0,True
2026-07-13,BIG STAR,9.0,%,1.75,%,False,1.8,%,3.0,up_to_%,3.25,%,goodie,3.25,-5.75,OK,,,,,,,OPTIMISE,NONE,True,https://letyshops.com/pl/shops/big-star-pl,https://www.picodi.com/pl/big-star/offers,https://alerabat.com/kod-promocyjny/bigstar,https://goodie.pl/marka/big-star,,,,,,,,,,,,,,
2026-07-13,Legimi,15.0,%,7.5,%,False,,not_found,7.5,up_to_%,9.2,up_to_%,goodie,9.2,-5.8,OK,0.0,15.0,1620.42,305.4,600.0,1620.42,OPTIMISE,NONE,True,https://letyshops.com/pl/shops/legimi-pl,,https://alerabat.com/kody-promocyjne/legimi,https://goodie.pl/marka/legimi,AWIN,B,Entertainment,Lifestyle,True,True,1109.45,0.0,202.55,38.17,202.55,600.0,8.0,False
2026-07-13,Lounge by Zalando,12.0,%,6.0,%,False,3.6,up_to_%,6.0,up_to_%,6.0,up_to_%,letyshops,6.0,-6.0,OK,159.74,4.1,992.35,22712.57,315.0,832.6,OPTIMISE,NONE,True,https://letyshops.com/pl-en/shops/zalando-lounge-pl,https://www.picodi.com/pl/zalando-lounge/offers,https://alerabat.com/kody-promocyjne/lounge-by-zalando,https://goodie.pl/marka/lounge-by-zalando,,,,,,,,,,,,,,
2026-07-13,SHEIN,13.5,%,5.0,%,False,4.5,up_to_%,7.5,up_to_%,7.5,up_to_%,alerabat,7.5,-6.0,OK,-81.11999999999999,5.2,299.38,6857.26,221.0,380.49,ACT NOW,DOWN,True,https://letyshops.com/pl-en/shops/shein-pl,https://www.picodi.com/pl/shein/offers,https://alerabat.com/kody-promocyjne/shein,https://goodie.pl/marka/shein,,,,,,,,,,,,,,
2026-07-13,NEONAIL,10.0,%,3.5,%,False,,not_found,3.5,up_to_%,3.5,%,letyshops,3.5,-6.5,OK,0.0,7.0,1.34,19.15,1.0,1.34,OPTIMISE,NONE,True,https://letyshops.com/pl/shops/neonail,,https://alerabat.com/kody-promocyjne/neo-nail,https://goodie.pl/marka/neonail,,,,,,,,,,,,,,
2026-07-13,Groupon,10.0,%,3.5,%,False,,not_found,3.0,up_to_%,3.0,up_to_%,letyshops,3.5,-6.5,OK,-0.4699999999999999,1.0,99.65,2901.69,22.0,100.12,ACT NOW,DOWN,True,https://letyshops.com/pl/shops/groupon-pl,,https://alerabat.com/kod-promocyjny/groupon,https://goodie.pl/marka/groupon-pl,AWIN,B,Multi-Departments,Multi-Category,True,True,4.19,-0.07,14.24,414.53,14.3,22.0,7.0,True
2026-07-13,H&M,8.0,%,1.5,%,False,,not_found,1.0,up_to_%,,no cashback,letyshops,1.5,-6.5,OK,,,,,,,OPTIMISE,NONE,True,https://letyshops.com/pl-en/shops/h-m-pl,,https://alerabat.com/kody-promocyjne/h-m,https://goodie.pl/marka/hm,,,,,,,,,,,,,,
2026-07-13,Parfumdreams,12.0,%,,no cashback,False,,not_found,,no cashback,5.0,up_to_%,goodie,5.0,-7.0,OK,,,,,,,OPTIMISE,NONE,True,,,https://alerabat.com/kody-promocyjne/parfumdreams,https://goodie.pl/marka/parfumdreams,,,,,,,,,,,,,,
2026-07-13,Mango Outlet,8.0,%,,not_found,False,,not_found,0.5,up_to_%,,not_found,alerabat,0.5,-7.5,OK,-5.59,4.0,94.35000000000001,1172.01,13.0,99.94,ACT NOW,DOWN,True,,,https://alerabat.com/kody-promocyjne/mango-outlet,,Rakuten,B,Fashion,Fashion,True,True,7.67,-1.86,31.45,390.67,33.31,13.0,3.0,True
2026-07-13,NordVPN,30.0,%,20.0,%,False,,not_found,21.97,up_to_%,20.0,%,alerabat,21.97,-8.03,OK,0.0,40.0,49.09,122.72,2.0,49.09,OPTIMISE,NONE,True,https://letyshops.com/pl/shops/nord-vpn,,https://alerabat.com/kody-promocyjne/nordvpn,https://goodie.pl/marka/nordvpn,AWIN,A,Connectivity - Telco,Services,True,True,40.0,0.0,24.54,61.36,24.54,2.0,2.0,False
2026-07-13,Eveline,12.0,%,3.5,%,False,,not_found,,not_found,,not_found,letyshops,3.5,-8.5,OK,-2.51,7.0,506.02000000000004,7228.93,15.0,506.46000000000004,ACT NOW,DOWN,True,https://letyshops.com/pl/shops/eveline-pl,,,,Tradedoubler,C,Health & Beauty,Multi-Category,True,True,7.0,-0.36,72.29,1032.7,72.35,15.0,7.0,True
2026-07-13,Brainmarket,10.0,%,,not_found,False,,not_found,1.25,up_to_%,,not_found,alerabat,1.25,-8.75,OK,,,,,,,OPTIMISE,NONE,True,,,https://alerabat.com/kody-promocyjne/brainmarket,,,,,,,,,,,,,,,
2026-07-13,JD Sports,12.0,%,2.5,%,False,,not_found,2.5,up_to_%,2.5,%,letyshops,2.5,-9.5,OK,-3.1399999999999997,2.0,20.599999999999998,409.84000000000003,6.0,23.740000000000002,ACT NOW,DOWN,True,https://letyshops.com/pl/shops/jd-sports-pl,,https://alerabat.com/kody-promocyjne/jd-sports,https://goodie.pl/marka/jdsports,AWIN,A,Footwear,Fashion,True,True,5.53,-0.52,3.43,68.31,3.96,6.0,6.0,True
2026-07-13,AirHelp,25.0,%,7.5,%,False,4.5,%,12.5,up_to_%,10.0,up_to_%,alerabat,12.5,-12.5,OK,-9.67,20.0,19.33,96.66,1.0,29.0,ACT NOW,DOWN,True,https://letyshops.com/pl/shops/airhelp,https://www.picodi.com/pl/air-help/offers,https://alerabat.com/kody-promocyjne/air-help,https://goodie.pl/marka/airhelp,Commission Junction,E,not_attributed,not_attributed,True,True,20.0,-9.67,19.33,96.66,29.0,1.0,1.0,True
2026-07-13,Skechers,18.0,%,,not_found,False,,not_found,4.25,up_to_%,,no cashback,alerabat,4.25,-13.75,OK,,,,,,,OPTIMISE,NONE,True,,,https://alerabat.com/kody-promocyjne/skechers,https://goodie.pl/marka/skechers,,,,,,,,,,,,,,
2026-07-13,Temu,40.0,%,7.85,%,False,20.7,up_to_%,17.5,up_to_%,16.0,up_to_%,picodi,20.7,-19.3,OK,1319.68,11.2,12860.25,82858.93,4082.0,11540.57,OPTIMISE,NONE,True,https://letyshops.com/pl/shops/temu,https://www.picodi.com/pl/temu/offers,https://alerabat.com/kody-promocyjne/temu,https://goodie.pl/marka/temu,Impact Radius,AAA,Multi-Departments,Multi-Category,True,True,12.78,109.97,1071.69,6904.91,961.71,4082.0,12.0,False
2026-07-13,LycaMobile,42.0,%,12.5,%,False,,not_found,10.0,up_to_%,10.0,%,letyshops,12.5,-29.5,OK,,,,,,,OPTIMISE,NONE,True,https://letyshops.com/pl/shops/lycamobile-pl,,https://alerabat.com/kody-promocyjne/lyca-mobile,https://goodie.pl/marka/lycamobile,,,,,,,,,,,,,,
2026-07-13,Proton VPN,70.0,%,,not_found,False,,not_found,40.0,up_to_%,,not_found,alerabat,40.0,-30.0,OK,0.24,0.0,1.92,0.0,1.0,1.68,OPTIMISE,NONE,True,,,https://alerabat.com/kody-promocyjne/proton-vpn,,Admitad,F,not_attributed,not_attributed,True,True,0.0,0.24,1.92,0.0,1.68,1.0,1.0,False
2026-07-13,Amazon,,no cashback,5.0,%,False,3.0,up_to_%,5.0,up_to_%,5.0,up_to_%,letyshops,5.0,,OK,,,,,,,NO DATA,NONE,False,https://letyshops.com/pl/shops/amazon-pl,https://www.picodi.com/pl/amazon-com/offers,https://alerabat.com/kody-promocyjne/amazon-de,https://goodie.pl/marka/amazon,,,,,,,,,,,,,,
2026-07-13,Bank Pekao,,zł,,not_found,False,,not_found,,not_found,,not_found,,,,OK,,,,,,,NO DATA,NONE,False,,,,,,,,,,,,,,,,,,
2026-07-13,BeDiet,,no cashback,,no cashback,False,,not_found,5.0,up_to_%,,no cashback,alerabat,5.0,,OK,,,,,,,NO DATA,NONE,False,,,https://alerabat.com/kody-promocyjne/bediet,https://goodie.pl/marka/bediet,,,,,,,,,,,,,,
2026-07-13,Bricoman,6.0,%,,no cashback,False,,not_found,,no cashback,,no cashback,,,,OK,,,,,,,NO DATA,NONE,False,,,https://alerabat.com/kody-promocyjne/bricoman-pl,https://goodie.pl/marka/bricoman,,,,,,,,,,,,,,
2026-07-13,Canal Plus,,zł,,no cashback,False,,not_found,,not_found,,not_found,,,,OK,,,,,,,NO DATA,NONE,False,,,,,,,,,,,,,,,,,,
2026-07-13,Dedoles,,no cashback,,not_found,False,,not_found,,no cashback,,not_found,,,,OK,0.0,8.0,1.19,14.87,2.0,1.19,NO DATA,NONE,False,,,https://alerabat.com/kody-promocyjne/dedoles,,No Affiliate Network,C,Fashion,Fashion,True,False,8.0,0.0,1.19,14.87,1.19,2.0,1.0,False
2026-07-13,DeLonghi,,no cashback,3.0,%,False,,not_found,3.0,up_to_%,3.0,%,letyshops,3.0,,OK,2.94,6.0,104.74000000000001,1745.73,6.0,101.8,NO DATA,NONE,False,https://letyshops.com/pl/shops/delonghi-pl,,https://alerabat.com/kody-promocyjne/delonghi,https://goodie.pl/marka/delonghi,,,,,,,,,,,,,,
2026-07-13,DHL,,zł,3.5,%,False,,not_found,5.0,up_to_%,,no cashback,alerabat,5.0,,OK,1.18,8.0,6.580000000000001,65.83,6.0,1.17,NO DATA,NONE,False,https://letyshops.com/pl/shops/dhl-pl,,https://alerabat.com/kody-promocyjne/dhl,https://goodie.pl/marka/dhl,Tradedoubler,B,Utilities,Services,True,True,9.17,0.39,2.19,21.94,0.39,6.0,3.0,False
2026-07-13,Disney+,,zł,1.7,%,False,,not_found,,no cashback,,no cashback,letyshops,1.7,,OK,0.0,0.0,0.0,9.98,1.0,0.0,NO DATA,NONE,False,https://letyshops.com/pl/shops/disney,,https://alerabat.com/kody-promocyjne/disney,https://goodie.pl/marka/disney,Impact Radius,A+,Entertainment,Lifestyle,True,True,0.0,0.0,0.0,9.98,0.0,1.0,1.0,False
2026-07-13,Ecco,,no cashback,,no cashback,False,,not_found,1.0,up_to_%,2.5,up_to_%,goodie,2.5,,OK,,,,,,,NO DATA,NONE,False,,,https://alerabat.com/kody-promocyjne/ecco,https://goodie.pl/marka/ecco,,,,,,,,,,,,,,
2026-07-13,Eurofirany,,no cashback,3.5,%,False,,not_found,2.85,up_to_%,2.85,%,letyshops,3.5,,OK,-0.32,5.0,101.26,2031.72,2.0,101.59,NO DATA,NONE,False,https://letyshops.com/pl/shops/eurofirany,,https://alerabat.com/kody-promocyjne/eurofirany-com-pl,https://goodie.pl/marka/eurofirany,No Affiliate Network,B,Home & Garden,Multi-Category,True,False,5.0,-0.32,101.26,2031.72,101.59,2.0,1.0,True
2026-07-13,Footdistrict,8.0,%,,not_found,False,,not_found,,not_found,,not_found,,,,OK,,,,,,,NO DATA,NONE,False,,,,,,,,,,,,,,,,,,
2026-07-13,Gabriella,,no cashback,,no cashback,False,,not_found,4.25,up_to_%,,no cashback,alerabat,4.25,,OK,0.0,4.5,0.98,21.82,1.0,0.98,NO DATA,NONE,False,,,https://alerabat.com/kody-promocyjne/gabriella,https://goodie.pl/marka/gabriella-pl,No Affiliate Network,C,Fashion,Fashion,True,False,4.5,0.0,0.98,21.82,0.98,1.0,1.0,False
2026-07-13,Justjoinit,13.0,%,,not_found,False,,not_found,,no cashback,,not_found,,,,OK,,,,,,,NO DATA,NONE,False,,,https://alerabat.com/kody-promocyjne/justjoin-it,,,,,,,,,,,,,,,
2026-07-13,Konesso,,no cashback,,no cashback,False,,not_found,5.0,up_to_%,,no cashback,alerabat,5.0,,OK,-24.389999999999997,4.1,111.19,3662.46,8.0,135.59,NO DATA,NONE,False,,,https://alerabat.com/kody-promocyjne/konesso-pl,https://goodie.pl/marka/konesso,No Affiliate Network,A+,Food & Drink,Lifestyle,True,False,3.2,-6.1,27.8,915.62,33.9,8.0,4.0,True
2026-07-13,Morele.net,,zł,0.5,%,False,,not_found,5.0,up_to_%,0.25,%,alerabat,5.0,,OK,,,,,,,NO DATA,NONE,False,https://letyshops.com/pl/shops/morele-net,,https://alerabat.com/kod-promocyjny/morele-net,https://goodie.pl/marka/morele-net,,,,,,,,,,,,,,
2026-07-13,MyHeritage DNA,4.0,%,,not_found,False,,not_found,,not_found,,not_found,,,,OK,,,,,,,NO DATA,NONE,False,,,,,,,,,,,,,,,,,,
2026-07-13,norton,,no cashback,,no cashback,False,,not_found,10.0,up_to_%,12.5,up_to_%,goodie,12.5,,OK,,,,,,,NO DATA,NONE,False,,,https://alerabat.com/kody-promocyjne/norton,https://goodie.pl/marka/norton,,,,,,,,,,,,,,
2026-07-13,Novakid,,zł,,no cashback,False,,not_found,,up_to_%,,no cashback,,,,OK,0.0,0.0,0.0,0.0,4.0,0.0,NO DATA,NONE,False,,,https://alerabat.com/kody-promocyjne/novakid,https://goodie.pl/marka/novakid,Commission Junction,C,Baby & Child,Multi-Category,True,True,0.0,0.0,0.0,0.0,0.0,4.0,2.0,False
2026-07-13,Ombre,,zł,2.5,%,False,,not_found,4.56,up_to_%,,no cashback,alerabat,4.56,,OK,,,,,,,NO DATA,NONE,False,https://letyshops.com/pl/shops/ombre,,https://alerabat.com/kody-promocyjne/ombre,https://goodie.pl/marka/ombre,,,,,,,,,,,,,,
2026-07-13,Play,,zł,3.5,%,False,,not_found,5.0,up_to_%,,no cashback,alerabat,5.0,,OK,-0.66,250.0,174.94,73.08,3.0,175.6,NO DATA,NONE,False,https://letyshops.com/pl/shops/play-pl,,https://alerabat.com/kod-promocyjny/play,https://goodie.pl/marka/play,Tradedoubler,D,Connectivity - Telco,Services,True,True,242.2,-0.33,87.47,36.54,87.8,3.0,2.0,True
2026-07-13,Pleso,,zł,,not_found,False,,not_found,5.0,up_to_%,,not_found,alerabat,5.0,,OK,,,,,,,NO DATA,NONE,False,,,https://alerabat.com/kody-promocyjne/pleso,,,,,,,,,,,,,,,
2026-07-13,Plus,,zł,,no cashback,False,,not_found,5.0,up_to_%,,no cashback,alerabat,5.0,,OK,,,,,,,NO DATA,NONE,False,,,https://alerabat.com/kody-promocyjne/plus,https://goodie.pl/marka/plus,,,,,,,,,,,,,,
2026-07-13,Preply,,zł,5.0,%,False,,not_found,5.0,up_to_%,35.0,up_to_%,goodie,35.0,,OK,,,,,,,NO DATA,NONE,False,https://letyshops.com/pl/shops/preply,,https://alerabat.com/kody-promocyjne/preply,https://goodie.pl/marka/preply,,,,,,,,,,,,,,
2026-07-13,Recman,5.0,%,,no cashback,False,,not_found,,not_found,,no cashback,,,,OK,,,,,,,NO DATA,NONE,False,,,,https://goodie.pl/marka/recman,,,,,,,,,,,,,,
2026-07-13,RedBull Mobile,,zł,1.7,%,False,,not_found,5.0,up_to_%,,no cashback,alerabat,5.0,,OK,,,,,,,NO DATA,NONE,False,https://letyshops.com/pl/shops/red-bull-mobile-pl,,https://alerabat.com/kod-promocyjny/redbullmobile-pl,https://goodie.pl/marka/red-bull-mobile,,,,,,,,,,,,,,
2026-07-13,Remix,12.25,%,,no cashback,False,,not_found,,no cashback,,not_found,,,,OK,0.0,4.5,4.61,102.42,1.0,4.61,OPTIMISE,NONE,False,,,https://alerabat.com/kody-promocyjne/remix-second-hand,,Webgains,E,Fashion,Fashion,True,True,4.5,0.0,4.61,102.42,4.61,1.0,1.0,False
2026-07-13,Rocketjobs.pl,,no cashback,,not_found,False,,not_found,,no cashback,,not_found,,,,OK,1.1,0.0,5.79,0.0,1.0,4.68,NO DATA,NONE,False,,,https://alerabat.com/kody-promocyjne/rocketjobs,,No Affiliate Network,F,not_attributed,not_attributed,True,False,0.0,1.1,5.79,0.0,4.68,1.0,1.0,False
2026-07-13,SkyShowtime,,zł,1.7,%,False,,not_found,5.0,up_to_%,,no cashback,alerabat,5.0,,OK,-300.08,122.5,340.97,195.87,28.0,641.05,NO DATA,NONE,False,https://letyshops.com/pl/shops/skyshowtime-pl,,https://alerabat.com/kody-promocyjne/skyshowtime,https://goodie.pl/marka/sky-showtime,AWIN,B,not_attributed,not_attributed,True,True,116.92,-75.02,85.24,48.97,160.26,28.0,4.0,True
2026-07-13,Stradivarius,,no cashback,3.0,%,False,,not_found,3.0,up_to_%,2.5,%,letyshops,3.0,,OK,,,,,,,NO DATA,NONE,False,https://letyshops.com/pl/shops/stradivarius-pl,,https://alerabat.com/kod-promocyjny/stradivarius,https://goodie.pl/marka/stradivarius,,,,,,,,,,,,,,
2026-07-13,Surfshark,,zł,3.5,%,False,,not_found,20.0,up_to_%,20.0,%,alerabat,20.0,,OK,,,,,,,NO DATA,NONE,False,https://letyshops.com/pl/shops/surfshark,,https://alerabat.com/kody-promocyjne/surfshark,https://goodie.pl/marka/surfshark,,,,,,,,,,,,,,
2026-07-13,Vans,4.0,%,,no cashback,False,,not_found,,no cashback,,no cashback,,,,OK,,,,,,,NO DATA,NONE,False,,,https://alerabat.com/kody-promocyjne/vans,https://goodie.pl/marka/vans,,,,,,,,,,,,,,
2026-07-13,Wolt,,zł,,no cashback,False,,not_found,,no cashback,,no cashback,,,,OK,-1.21,41.4,8.71,71.03,4.0,9.920000000000002,NO DATA,NONE,False,,,https://alerabat.com/kody-promocyjne/wolt,https://goodie.pl/marka/wolt,,,,,,,,,,,,,,
2026-07-13,x-kom,,no cashback,0.65,%,False,,not_found,5.0,up_to_%,0.63,%,alerabat,5.0,,OK,,,,,,,NO DATA,NONE,False,https://letyshops.com/pl-en/shops/x-kom-pl,,https://alerabat.com/kod-promocyjny/x-kom-pl,https://goodie.pl/marka/x-kom-pl,,,,,,,,,,,,,,
2026-07-13,Orange Flex,,no cashback,,not_found,False,,not_found,5.0,up_to_%,,no cashback,alerabat,5.0,,OK,,,,,,,NO DATA,NONE,False,,,https://alerabat.com/kody-promocyjne/orange-flex,https://goodie.pl/marka/orange-flex,,,,,,,,,,,,,,
2026-07-13,Your KAYA,,no cashback,,no cashback,False,,not_found,5.0,up_to_%,,no cashback,alerabat,5.0,,OK,0.61,7.0,7.3100000000000005,104.36,2.0,6.7,NO DATA,NONE,False,,,https://alerabat.com/kody-promocyjne/your-kaya,https://goodie.pl/marka/yourkaya,No Affiliate Network,E,Health & Beauty,Multi-Category,True,False,7.0,0.3,3.66,52.18,3.35,2.0,2.0,False
2026-07-13,Airbnb,,no cashback,,not_found,False,,not_found,,no cashback,,not_found,,,,OK,,,,,,,NO DATA,NONE,False,,,https://alerabat.com/kod-promocyjny/airbnb-com,,,,,,,,,,,,,,,
2026-07-13,Carinii,,no cashback,,no cashback,False,,not_found,5.0,up_to_%,,no cashback,alerabat,5.0,,OK,,,,,,,NO DATA,NONE,False,,,https://alerabat.com/kody-promocyjne/carinii,https://goodie.pl/marka/carinii,,,,,,,,,,,,,,
2026-07-13,Duka,,no cashback,,no cashback,False,,not_found,,no cashback,,no cashback,,,,OK,,,,,,,NO DATA,NONE,False,,,https://alerabat.com/kody-promocyjne/duka,https://goodie.pl/marka/duka,,,,,,,,,,,,,,
2026-07-13,Kolba,,no cashback,,no cashback,False,,not_found,,no cashback,,no cashback,,,,OK,,,,,,,NO DATA,NONE,False,,,https://alerabat.com/kod-promocyjny/kolba-pl,https://goodie.pl/marka/kolba-pl,,,,,,,,,,,,,,
2026-07-13,KROSS,4.0,%,,not_found,False,,not_found,,no cashback,,no cashback,,,,OK,,,,,,,NO DATA,NONE,False,,,https://alerabat.com/kody-promocyjne/kross,https://goodie.pl/marka/kross,,,,,,,,,,,,,,
2026-07-13,Mango,7.5,%,,no cashback,False,,not_found,,no cashback,,no cashback,,,,OK,,,,,,,NO DATA,NONE,False,,,https://alerabat.com/kody-promocyjne/mango,https://goodie.pl/marka/mango,,,,,,,,,,,,,,
2026-07-13,Nintendo eShop,6.0,%,,not_found,False,,not_found,,no cashback,,not_found,,,,OK,,,,,,,NO DATA,NONE,False,,,https://alerabat.com/kody-promocyjne/nintendo-eshop,,,,,,,,,,,,,,,
2026-07-13,OnePlus,0.84,%,,no cashback,False,,not_found,,no cashback,,no cashback,,,,OK,,,,,,,NO DATA,NONE,False,,,https://alerabat.com/kody-promocyjne/oneplus,https://goodie.pl/marka/oneplus,,,,,,,,,,,,,,
2026-07-13,Sportofino,,no cashback,2.1,%,False,,not_found,,no cashback,2.1,%,letyshops,2.1,,OK,,,,,,,NO DATA,NONE,False,https://letyshops.com/pl/shops/sportofino-pl,,https://alerabat.com/kody-promocyjne/sportofino,https://goodie.pl/marka/sportofino,,,,,,,,,,,,,,
2026-07-13,Spotify,,no cashback,,not_found,False,,not_found,,no cashback,,no cashback,,,,OK,,,,,,,NO DATA,NONE,False,,,https://alerabat.com/kody-promocyjne/spotify,https://goodie.pl/marka/spotify,,,,,,,,,,,,,,
2026-07-13,Ticketmaster,7.0,%,,no cashback,False,,not_found,,no cashback,,no cashback,,,,OK,,,,,,,NO DATA,NONE,False,,,https://alerabat.com/kody-promocyjne/ticketmaster,https://goodie.pl/marka/ticketmaster-pl,,,,,,,,,,,,,,
2026-07-13,Tołpa,,no cashback,,no cashback,False,,not_found,1.5,up_to_%,,no cashback,alerabat,1.5,,OK,,,,,,,NO DATA,NONE,False,,,https://alerabat.com/kod-promocyjny/tolpa,https://goodie.pl/marka/tolpa,,,,,,,,,,,,,,
2026-07-13,Top Hi Fi,,no cashback,,no cashback,False,,not_found,,no cashback,,no cashback,,,,OK,,,,,,,NO DATA,NONE,False,,,https://alerabat.com/kody-promocyjne/tophifi,https://goodie.pl/marka/tophifi-pl,,,,,,,,,,,,,,
2026-07-13,YES,3.0,%,,not_found,False,,not_found,,no cashback,,no cashback,,,,OK,,,,,,,NO DATA,NONE,False,,,https://alerabat.com/kody-promocyjne/yes,https://goodie.pl/marka/yes,,,,,,,,,,,,,,
