date,retailer,igraal_rate,cashback_type,letyshops_rate,letyshops_rate_type,letyshops_boosted,picodi_rate,picodi_rate_type,alerabat_rate,alerabat_rate_type,goodie_rate,goodie_rate_type,best_competitor,best_competitor_rate,delta,alert,margin_eur,cpa_in,revenue,gmv,transactions,cb_total,status,action_direction,is_best_rate,letyshops_url,picodi_url,alerabat_url,goodie_url
2026-04-17,DHgate,2.0,%,25.0,up_to_%,False,15.3,up_to_%,25.5,up_to_%,1.75,%,alerabat,25.5,23.5,LOWER,,,,,,,ACT NOW,UP,False,https://letyshops.com/pl/shops/dhgate,https://www.picodi.com/pl/dh-gate,https://alerabat.com/kody-promocyjne/dhgate,https://goodie.pl/marka/dhgate
2026-04-17,Lidl,1.0,%,7.85,up_to_%,False,5.0,%,,no cashback,0.5,up_to_%,letyshops,7.85,6.85,LOWER,-363.77,1.0,40.24,4023.8399999999997,18.0,404.01,REVIEW,UP,False,https://letyshops.com/pl/shops/lidl-pl,https://www.picodi.com/pl/lidl,https://alerabat.com/kody-promocyjne/lidl,https://goodie.pl/marka/lidl
2026-04-17,Komputronik,1.5,%,7.85,up_to_%,False,,not_found,0.95,up_to_%,0.75,%,letyshops,7.85,6.35,LOWER,2.4,1.5,115.82000000000001,7663.1900000000005,4.0,113.42999999999999,ACT NOW,UP,False,https://letyshops.com/pl/shops/komputronik-pl,,https://alerabat.com/kod-promocyjny/komputronik-pl,https://goodie.pl/marka/komputronik
2026-04-17,Cropp,4.0,%,7.85,up_to_%,False,10.0,%,3.5,up_to_%,3.0,%,picodi,10.0,6.0,LOWER,1.87,6.4,23.060000000000002,358.24,12.0,17.91,ACT NOW,UP,False,https://letyshops.com/pl/shops/cropp-pl,https://www.picodi.com/pl/cropp,https://alerabat.com/kod-promocyjny/cropp,https://goodie.pl/marka/cropp
2026-04-17,Empik,1.6,%,6.25,up_to_%,False,,zł,6.25,up_to_%,7.5,up_to_%,goodie,7.5,5.9,LOWER,-1143.6799999999998,2.0,280.77,16876.45,169.0,1424.45,REVIEW,UP,False,https://letyshops.com/pl/shops/empik-pl,https://www.picodi.com/pl/empik,https://alerabat.com/kod-promocyjny/empik-com,https://goodie.pl/marka/empik
2026-04-17,Sferis,1.6,%,7.5,up_to_%,False,,not_found,7.5,up_to_%,7.5,up_to_%,letyshops,7.5,5.9,LOWER,-2.4200000000000035,1.8,136.49,6663.49,5.0,138.91,REVIEW,UP,False,https://letyshops.com/pl/shops/sferis-pl,,https://alerabat.com/kod-promocyjny/sferis,https://goodie.pl/marka/sferis
2026-04-17,Brasty,2.0,%,7.85,up_to_%,False,1.8,up_to_%,1.0,up_to_%,,no cashback,letyshops,7.85,5.85,LOWER,,,,,,,ACT NOW,UP,False,https://letyshops.com/pl/shops/brasty-pl,https://www.picodi.com/pl/brasty,https://alerabat.com/kody-promocyjne/brasty-pl,https://goodie.pl/marka/brasty
2026-04-17,Krakvet,2.0,%,7.85,up_to_%,False,,not_found,1.4,up_to_%,2.0,%,letyshops,7.85,5.85,LOWER,-14.91,4.0,19.73,493.21,5.0,34.64,REVIEW,UP,False,https://letyshops.com/pl/shops/krakvet,,https://alerabat.com/kody-promocyjne/krakvet-pl,https://goodie.pl/marka/krakvet
2026-04-17,Max Elektro,2.0,%,7.85,up_to_%,False,,not_found,1.0,up_to_%,1.0,%,letyshops,7.85,5.85,LOWER,113.09,4.0,471.78,11794.17,6.0,358.69,ACT NOW,UP,False,https://letyshops.com/pl/shops/maxelektro,,https://alerabat.com/kody-promocyjne/max-elektro,https://goodie.pl/marka/max-elektro-pl
2026-04-17,LG,2.5,%,7.85,up_to_%,False,,not_found,1.0,up_to_%,1.25,%,letyshops,7.85,5.35,LOWER,-9.02,2.0,36.06,1803.19,3.0,45.08,REVIEW,UP,False,https://letyshops.com/pl/shops/lg-pl,,https://alerabat.com/kody-promocyjne/lg,https://goodie.pl/marka/lg
2026-04-17,Remix,12.25,%,7.85,up_to_%,False,,not_found,17.5,up_to_%,,not_found,alerabat,17.5,5.25,LOWER,0.0,4.5,4.61,102.42,1.0,4.61,ACT NOW,UP,False,https://letyshops.com/pl/shops/remix-pl,,https://alerabat.com/kody-promocyjne/remix-second-hand,
2026-04-17,VidaXL,2.9,%,7.85,up_to_%,False,,not_found,2.5,up_to_%,2.0,%,letyshops,7.85,4.95,LOWER,0.0,2.9,2.29,78.95,1.0,2.29,ACT NOW,UP,False,https://letyshops.com/pl/shops/vida-xl,,https://alerabat.com/kody-promocyjne/vida-xl,https://goodie.pl/marka/vida-xl
2026-04-17,Michael Kors,3.0,%,7.85,up_to_%,False,,not_found,1.5,up_to_%,,no cashback,letyshops,7.85,4.85,LOWER,,,,,,,ACT NOW,UP,False,https://letyshops.com/pl/shops/michael-kors,,https://alerabat.com/kody-promocyjne/michael-kors,https://goodie.pl/marka/michael-kors
2026-04-17,BasicLab,3.0,%,7.85,up_to_%,False,1.2,%,2.0,up_to_%,,not_found,letyshops,7.85,4.85,LOWER,0.0,3.0,249.45,8314.710000000001,7.0,249.45,ACT NOW,UP,False,https://letyshops.com/pl/shops/basiclab-pl,https://www.picodi.com/pl/basiclab,https://alerabat.com/kody-promocyjne/basiclab,
2026-04-17,Yanosik,3.0,%,7.85,up_to_%,False,,not_found,2.0,up_to_%,2.0,%,letyshops,7.85,4.85,LOWER,,,,,,,ACT NOW,UP,False,https://letyshops.com/pl/shops/yanosik-pl,,https://alerabat.com/kody-promocyjne/yanosik,https://goodie.pl/marka/yanosik-pl
2026-04-17,iHerb,3.0,%,7.85,up_to_%,False,1.5,%,0.5,up_to_%,2.0,up_to_%,letyshops,7.85,4.85,LOWER,-29.939999999999998,6.7,56.669999999999995,846.76,12.0,86.61,REVIEW,UP,False,https://letyshops.com/pl/shops/iherb,https://www.picodi.com/pl/iherb,https://alerabat.com/kody-promocyjne/iherb,https://goodie.pl/marka/iherb
2026-04-17,Tagomago,3.0,%,7.85,up_to_%,False,,not_found,2.5,up_to_%,2.5,%,letyshops,7.85,4.85,LOWER,-0.34,5.4,3.62,72.67,2.0,3.96,REVIEW,UP,False,https://letyshops.com/pl/shops/tagomago-pl,,https://alerabat.com/kod-promocyjny/tagomago-pl,https://goodie.pl/marka/tagomago-pl
2026-04-17,4kidspoint,3.5,%,7.85,up_to_%,False,,not_found,1.75,up_to_%,,no cashback,letyshops,7.85,4.35,LOWER,,,,,,,ACT NOW,UP,False,https://letyshops.com/pl/shops/4kidspoint-pl,,https://alerabat.com/kody-promocyjne/4kidspoint-pl,https://goodie.pl/marka/4kidspoint-pl
2026-04-17,Victoria's Secret,3.5,%,7.85,up_to_%,False,,not_found,2.0,up_to_%,,not_found,letyshops,7.85,4.35,LOWER,0.05,4.0,0.4,9.93,1.0,0.35,ACT NOW,UP,False,https://letyshops.com/pl/shops/victorias-secret-pl,,https://alerabat.com/kody-promocyjne/victorias-secret,
2026-04-17,Reporter Young,3.5,%,7.85,up_to_%,False,,not_found,1.5,up_to_%,,not_found,letyshops,7.85,4.35,LOWER,,,,,,,ACT NOW,UP,False,https://letyshops.com/pl/shops/reporter-young-pl,,https://alerabat.com/kody-promocyjne/reporter-young,
2026-04-17,iParts,3.5,%,7.85,up_to_%,False,1.1,%,1.75,up_to_%,,no cashback,letyshops,7.85,4.35,LOWER,0.0,3.5,11.379999999999999,324.97999999999996,2.0,11.379999999999999,ACT NOW,UP,False,https://letyshops.com/pl/shops/iparts-pl,https://www.picodi.com/pl/iparts-pl,https://alerabat.com/kody-promocyjne/iparts-pl,https://goodie.pl/marka/iparts
2026-04-17,7way,3.5,%,7.85,up_to_%,False,,not_found,1.75,up_to_%,1.75,%,letyshops,7.85,4.35,LOWER,,,,,,,ACT NOW,UP,False,https://letyshops.com/pl/shops/7way,,https://alerabat.com/kody-promocyjne/7way,https://goodie.pl/marka/7way
2026-04-17,Cocolita,3.5,%,7.85,up_to_%,False,1.4,%,5.0,up_to_%,2.25,%,letyshops,7.85,4.35,LOWER,131.54,4.5,243.29,4587.95,9.0,111.75,ACT NOW,UP,False,https://letyshops.com/pl/shops/cocolita-pl,https://www.picodi.com/pl/cocolita-pl,https://alerabat.com/kody-promocyjne/cocolita-pl,https://goodie.pl/marka/cocolita
2026-04-17,Cobi,3.5,%,7.85,up_to_%,False,,zł,1.75,up_to_%,,no cashback,letyshops,7.85,4.35,LOWER,,,,,,,ACT NOW,UP,False,https://letyshops.com/pl/shops/cobi-pl,https://www.picodi.com/pl/cobi,https://alerabat.com/kody-promocyjne/cobi,https://goodie.pl/marka/cobi
2026-04-17,Perfumeria,3.84,%,7.85,up_to_%,False,,not_found,2.5,up_to_%,1.92,%,letyshops,7.85,4.01,LOWER,,,,,,,ACT NOW,UP,False,https://letyshops.com/pl/shops/perfumeria-pl,,https://alerabat.com/kod-promocyjny/perfumeria-pl,https://goodie.pl/marka/perfumeria-pl
2026-04-17,Neness,6.0,%,10.0,up_to_%,False,,not_found,10.0,up_to_%,10.0,up_to_%,letyshops,10.0,4.0,LOWER,,,,,,,ACT NOW,UP,False,https://letyshops.com/pl/shops/neness-pl,,https://alerabat.com/kody-promocyjne/perfumeria-neness,https://goodie.pl/marka/neness
2026-04-17,AXA Partners,6.0,%,,not_found,False,6.0,%,10.0,up_to_%,10.0,%,alerabat,10.0,4.0,LOWER,,,,,,,ACT NOW,UP,False,,https://www.picodi.com/pl/axa-assistance,https://alerabat.com/kody-promocyjne/axa-partners,https://goodie.pl/marka/axa-partners
2026-04-17,Bonprix,4.0,%,7.85,up_to_%,False,1.2,%,2.5,up_to_%,3.0,up_to_%,letyshops,7.85,3.85,LOWER,-0.36,4.0,0.75,18.86,1.0,1.12,REVIEW,UP,False,https://letyshops.com/pl/shops/bonprix-pl,https://www.picodi.com/pl/bonprix,https://alerabat.com/kod-promocyjny/bonprix,https://goodie.pl/marka/bonprix
2026-04-17,Baseus,4.0,%,7.85,up_to_%,False,1.2,%,,no cashback,,not_found,letyshops,7.85,3.85,LOWER,2.51,4.0,14.92,372.85,2.0,12.4,ACT NOW,UP,False,https://letyshops.com/pl/shops/baseus-pl,https://www.picodi.com/pl/baseus,https://alerabat.com/kody-promocyjne/baseus,
2026-04-17,Bricomarche,4.0,%,7.85,up_to_%,False,,zł,3.2,up_to_%,2.4,%,letyshops,7.85,3.85,LOWER,17.32,6.4,158.32,2948.4700000000003,11.0,141.0,ACT NOW,UP,False,https://letyshops.com/pl/shops/bricomarche-pl,https://www.picodi.com/pl/bricomarche,https://alerabat.com/kody-promocyjne/bricomarche,https://goodie.pl/marka/bricomarche
2026-04-17,Castorama,4.0,%,7.85,up_to_%,False,1.2,%,2.0,up_to_%,2.5,%,letyshops,7.85,3.85,LOWER,10.46,4.0,380.13,9503.74,13.0,369.67,ACT NOW,UP,False,https://letyshops.com/pl/shops/castorama-pl,https://www.picodi.com/pl/castorama,https://alerabat.com/kody-promocyjne/castorama,https://goodie.pl/marka/castorama
2026-04-17,Dyson,4.0,%,7.85,up_to_%,False,1.4,%,2.4,up_to_%,2.0,%,letyshops,7.85,3.85,LOWER,0.0,0.0,0.0,0.0,3.0,0.0,ACT NOW,UP,False,https://letyshops.com/pl/shops/dyson-pl,https://www.picodi.com/pl/dyson,https://alerabat.com/kody-promocyjne/dyson,https://goodie.pl/marka/dyson
2026-04-17,Ninja,4.0,%,7.85,up_to_%,False,,not_found,2.5,up_to_%,5.0,%,letyshops,7.85,3.85,LOWER,,,,,,,ACT NOW,UP,False,https://letyshops.com/pl/shops/ninja-pl,,https://alerabat.com/kody-promocyjne/ninja,https://goodie.pl/marka/ninja
2026-04-17,Vans,4.0,%,7.85,up_to_%,False,,not_found,,no cashback,5.0,%,letyshops,7.85,3.85,LOWER,,,,,,,ACT NOW,UP,False,https://letyshops.com/pl/shops/vans,,https://alerabat.com/kody-promocyjne/vans,https://goodie.pl/marka/vans
2026-04-17,Teufel,4.0,%,7.85,up_to_%,False,,not_found,4.0,up_to_%,2.0,%,letyshops,7.85,3.85,LOWER,0.0,4.0,95.09,2377.17,2.0,95.08,ACT NOW,UP,False,https://letyshops.com/pl/shops/teufel-pl,,https://alerabat.com/kody-promocyjne/teufel,https://goodie.pl/marka/teufel
2026-04-17,Ryobi,4.0,%,7.85,up_to_%,False,,not_found,2.0,up_to_%,6.0,up_to_%,letyshops,7.85,3.85,LOWER,,,,,,,ACT NOW,UP,False,https://letyshops.com/pl/shops/ryobi-pl,,https://alerabat.com/kody-promocyjne/ryobi,https://goodie.pl/marka/ryobi
2026-04-17,Greenpoint,4.0,%,7.85,up_to_%,False,1.2,%,2.0,up_to_%,4.0,%,letyshops,7.85,3.85,LOWER,58.01,8.0,136.43,1705.5,8.0,78.42999999999999,ACT NOW,UP,False,https://letyshops.com/pl/shops/greenpoint-pl,https://www.picodi.com/pl/greenpoint,https://alerabat.com/kody-promocyjne/greenpoint,https://goodie.pl/marka/greenpoint
2026-04-17,Hebe,4.0,%,7.85,up_to_%,False,1.8,%,2.5,up_to_%,,no cashback,letyshops,7.85,3.85,LOWER,-48.010000000000005,6.5,101.92,1631.02,68.0,149.94,REVIEW,UP,False,https://letyshops.com/pl/shops/hebe,https://www.picodi.com/pl/hebe,https://alerabat.com/kody-promocyjne/hebe,https://goodie.pl/marka/hebe
2026-04-17,Fera,4.0,%,7.85,up_to_%,False,1.2,%,2.0,up_to_%,2.0,%,letyshops,7.85,3.85,LOWER,0.0,4.0,1.1,27.51,1.0,1.1,ACT NOW,UP,False,https://letyshops.com/pl/shops/fera-pl,https://www.picodi.com/pl/fera-pl,https://alerabat.com/kod-promocyjny/fera-pl,https://goodie.pl/marka/fera
2026-04-17,Electrolux,4.0,%,7.85,up_to_%,False,1.2,%,2.0,up_to_%,2.0,%,letyshops,7.85,3.85,LOWER,185.63,4.0,1946.81,44417.4,10.0,1761.18,ACT NOW,UP,False,https://letyshops.com/pl/shops/electrolux-pl,https://www.picodi.com/pl/electrolux,https://alerabat.com/kody-promocyjne/electrolux,https://goodie.pl/marka/electrolux
2026-04-17,Crocs,4.0,%,7.85,up_to_%,False,1.2,%,2.0,up_to_%,,no cashback,letyshops,7.85,3.85,LOWER,0.0,4.0,34.64,865.98,2.0,34.64,ACT NOW,UP,False,https://letyshops.com/pl/shops/crocs,https://www.picodi.com/pl/crocs,https://alerabat.com/kod-promocyjny/crocs-pl,https://goodie.pl/marka/crocs
2026-04-17,Diablo Chairs,4.5,%,7.85,up_to_%,False,2.1,up_to_%,3.75,up_to_%,2.25,%,letyshops,7.85,3.35,LOWER,0.0,4.5,675.45,13919.25,7.0,675.44,ACT NOW,UP,False,https://letyshops.com/pl/shops/diablo-chairs,https://www.picodi.com/pl/diablo-chairs,https://alerabat.com/kody-promocyjne/diablo-chairs,https://goodie.pl/marka/diablochairs
2026-04-17,Drogeria.pl,4.5,%,7.85,up_to_%,False,,zł,,not_found,2.25,%,letyshops,7.85,3.35,LOWER,16.3,7.0,209.66,4351.1900000000005,8.0,193.35999999999999,ACT NOW,UP,False,https://letyshops.com/pl/shops/drogeria-pl,https://www.picodi.com/pl/drogeria-pl,,https://goodie.pl/marka/drogeria-pl
2026-04-17,Decathlon,4.5,%,7.85,up_to_%,False,1.4,up_to_%,4.0,up_to_%,2.5,%,letyshops,7.85,3.35,LOWER,-114.74,2.2,44.14,1901.47,18.0,158.89000000000001,REVIEW,UP,False,https://letyshops.com/pl/shops/decathlon-pl,https://www.picodi.com/pl/decathlon,https://alerabat.com/kod-promocyjny/decathlon-pl,https://goodie.pl/marka/decathlon
2026-04-17,Homla,4.8,%,7.85,up_to_%,False,,zł,2.0,up_to_%,2.0,%,letyshops,7.85,3.05,LOWER,0.06,4.8,16.67,347.19,6.0,16.61,ACT NOW,UP,False,https://letyshops.com/pl/shops/homla,https://www.picodi.com/pl/homla,https://alerabat.com/kody-promocyjne/homla,https://goodie.pl/marka/homla
2026-04-17,Orange,2.11,%,2.5,up_to_%,False,,not_found,5.0,up_to_%,1.06,up_to_%,alerabat,5.0,2.89,LOWER,9.09,27705.7,614.47,2.16,10.0,605.38,ACT NOW,UP,False,https://letyshops.com/pl/shops/orange-pl,,https://alerabat.com/kod-promocyjny/orange,https://goodie.pl/marka/orange
2026-04-17,Levi's,5.0,%,7.85,up_to_%,False,,not_found,2.5,up_to_%,,not_found,letyshops,7.85,2.85,LOWER,,,,,,,REVIEW,UP,False,https://letyshops.com/pl/shops/levis,,https://alerabat.com/kody-promocyjne/levis,
2026-04-17,Perfumy.pl,5.0,%,7.85,up_to_%,False,,not_found,3.0,up_to_%,2.8,%,letyshops,7.85,2.85,LOWER,6.54,5.7,54.66,962.24,1.0,48.11,ACT NOW,UP,False,https://letyshops.com/pl/shops/perfumy,,https://alerabat.com/kody-promocyjne/perfumy-pl,https://goodie.pl/marka/perfumy
2026-04-17,Regatta,5.0,%,7.85,up_to_%,False,,not_found,2.5,up_to_%,2.5,%,letyshops,7.85,2.85,LOWER,-4.35,9.9,519.64,5239.91,12.0,523.99,REVIEW,UP,False,https://letyshops.com/pl/shops/regatta-pl,,https://alerabat.com/kody-promocyjne/regatta,https://goodie.pl/marka/regatta
2026-04-17,G2A,5.0,%,7.85,up_to_%,False,,not_found,1.15,up_to_%,1.35,%,letyshops,7.85,2.85,LOWER,-2.08,3.8,9.3,227.48,12.0,11.38,REVIEW,UP,False,https://letyshops.com/pl/shops/g2a,,https://alerabat.com/kody-promocyjne/g2a-com,https://goodie.pl/marka/g2a-com
2026-04-17,Giacomo Conti,5.0,%,7.85,up_to_%,False,3.0,%,4.0,up_to_%,5.0,%,letyshops,7.85,2.85,LOWER,0.0,5.0,465.16999999999996,9303.3,5.0,465.16999999999996,ACT NOW,UP,False,https://letyshops.com/pl/shops/giacomo-conti,https://www.picodi.com/pl/giacomo-pl,https://alerabat.com/kod-promocyjny/giacomo-pl,https://goodie.pl/marka/giacomo-conti
2026-04-17,Acer,5.0,%,7.85,up_to_%,False,2.1,%,2.5,up_to_%,4.0,up_to_%,letyshops,7.85,2.85,LOWER,2.02,8.5,4.91,57.75,1.0,2.89,ACT NOW,UP,False,https://letyshops.com/pl/shops/acer-pl,https://www.picodi.com/pl/acer,https://alerabat.com/kody-promocyjne/acer,https://goodie.pl/marka/acer
2026-04-17,OBI,5.0,%,7.85,up_to_%,False,1.5,%,2.5,up_to_%,2.5,up_to_%,letyshops,7.85,2.85,LOWER,26.84,5.0,184.19,3683.74,17.0,157.34,ACT NOW,UP,False,https://letyshops.com/pl/shops/obi-pl,https://www.picodi.com/pl/obi,https://alerabat.com/kody-promocyjne/obi,https://goodie.pl/marka/obi
2026-04-17,Born2Be,5.0,%,7.85,up_to_%,False,1.8,%,3.0,up_to_%,3.0,%,letyshops,7.85,2.85,LOWER,19.8,6.0,174.47,2890.59,12.0,154.67000000000002,ACT NOW,UP,False,https://letyshops.com/pl/shops/born2be-pl,https://www.picodi.com/pl/born2be,https://alerabat.com/kody-promocyjne/born2be-pl,https://goodie.pl/marka/born2be
2026-04-17,Bezpieczna Rodzina,5.0,%,7.85,up_to_%,False,,not_found,,no cashback,,no cashback,letyshops,7.85,2.85,LOWER,,,,,,,REVIEW,UP,False,https://letyshops.com/pl/shops/bezpieczna-rodzina-pl,,https://alerabat.com/kody-promocyjne/sklep-bezpiecznarodzina,https://goodie.pl/marka/bezpieczna-rodzina
2026-04-17,Recman,5.0,%,7.85,up_to_%,False,,not_found,,not_found,2.5,%,letyshops,7.85,2.85,LOWER,,,,,,,REVIEW,UP,False,https://letyshops.com/pl/shops/recman,,,https://goodie.pl/marka/recman
2026-04-17,Yves Rocher,5.0,%,7.85,up_to_%,False,,not_found,2.5,up_to_%,2.5,%,letyshops,7.85,2.85,LOWER,0.0,5.0,5.01,100.28999999999999,2.0,5.01,ACT NOW,UP,False,https://letyshops.com/pl/shops/yves-rocher-pl,,https://alerabat.com/kod-promocyjny/yves-rocher,https://goodie.pl/marka/yves-rocher
2026-04-17,NAOKO,5.0,%,7.85,up_to_%,False,,not_found,2.8,up_to_%,2.8,%,letyshops,7.85,2.85,LOWER,,,,,,,REVIEW,UP,False,https://letyshops.com/pl/shops/naoko-pl,,https://alerabat.com/kody-promocyjne/na-oko,https://goodie.pl/marka/naoko
2026-04-17,Drop,5.38,%,7.85,up_to_%,False,1.6,%,,not_found,,not_found,letyshops,7.85,2.47,LOWER,,,,,,,REVIEW,UP,False,https://letyshops.com/pl/shops/drop,https://www.picodi.com/pl/drop,,
2026-04-17,RTV Euro AGD,1.5,%,3.5,up_to_%,False,,zł,3.0,up_to_%,1.54,up_to_%,letyshops,3.5,2.0,LOWER,-515.41,1.8,1006.2,46683.72,106.0,1521.6100000000001,REVIEW,UP,False,https://letyshops.com/pl/shops/rtv-euro-agd,https://www.picodi.com/pl/rtveuroagd,https://alerabat.com/kod-promocyjny/rtv-euro-agd,https://goodie.pl/marka/rtv-euro-agd
2026-04-17,DeLonghi,6.0,%,7.85,up_to_%,False,1.8,%,3.0,up_to_%,3.0,%,letyshops,7.85,1.85,LOWER,,,,,,,REVIEW,UP,False,https://letyshops.com/pl/shops/delonghi-pl,https://www.picodi.com/pl/delonghi,https://alerabat.com/kody-promocyjne/delonghi,https://goodie.pl/marka/delonghi
2026-04-17,Bricoman,6.0,%,7.85,up_to_%,False,,not_found,,no cashback,,no cashback,letyshops,7.85,1.85,LOWER,,,,,,,REVIEW,UP,False,https://letyshops.com/pl/shops/bricoman-pl,,https://alerabat.com/kody-promocyjne/bricoman-pl,https://goodie.pl/marka/bricoman
2026-04-17,ALAB Laboratoria,6.0,%,7.85,up_to_%,False,1.9,%,3.12,up_to_%,3.12,%,letyshops,7.85,1.85,LOWER,,,,,,,REVIEW,UP,False,https://letyshops.com/pl/shops/alab-laboratoria-pl,https://www.picodi.com/pl/alablaboratoria,https://alerabat.com/kody-promocyjne/alab,https://goodie.pl/marka/alab-laboratoria
2026-04-17,Vision Express,6.0,%,7.85,up_to_%,False,,not_found,3.0,up_to_%,3.0,%,letyshops,7.85,1.85,LOWER,-1.32,6.0,6.46,133.55,4.0,7.78,REVIEW,UP,False,https://letyshops.com/pl/shops/vision-express-pl,,https://alerabat.com/kod-promocyjny/vision-express,https://goodie.pl/marka/vision-express
2026-04-17,Streetstyle24,6.0,%,7.85,up_to_%,False,,not_found,3.46,up_to_%,3.46,%,letyshops,7.85,1.85,LOWER,269.63,6.9,1370.0699999999997,19798.68,11.0,1100.42,ACT NOW,UP,False,https://letyshops.com/pl/shops/streetstyle24-pl,,https://alerabat.com/kody-promocyjne/streetstyle24-pl,https://goodie.pl/marka/streetstyle24-pl
2026-04-17,Under Armour,6.0,%,7.85,up_to_%,False,,not_found,4.0,up_to_%,3.0,%,letyshops,7.85,1.85,LOWER,,,,,,,REVIEW,UP,False,https://letyshops.com/pl/shops/under-armour-pl,,https://alerabat.com/kody-promocyjne/under-armour,https://goodie.pl/marka/under-armour
2026-04-17,LEGO,6.0,%,7.85,up_to_%,False,,not_found,5.0,up_to_%,3.5,up_to_%,letyshops,7.85,1.85,LOWER,15.22,7.0,28.06,490.75,6.0,12.73,ACT NOW,UP,False,https://letyshops.com/pl/shops/lego-pl,,https://alerabat.com/kody-promocyjne/lego,https://goodie.pl/marka/lego
2026-04-17,Medicine,6.0,%,7.85,up_to_%,False,,not_found,3.0,up_to_%,,not_found,letyshops,7.85,1.85,LOWER,6.35,6.0,19.05,317.47,8.0,12.69,ACT NOW,UP,False,https://letyshops.com/pl/shops/medicine-pl,,https://alerabat.com/kody-promocyjne/medicine,
2026-04-17,MebleMWM,6.0,%,7.85,up_to_%,False,,not_found,3.2,up_to_%,,no cashback,letyshops,7.85,1.85,LOWER,4028.65,6.4,7629.76,119215.11,42.0,3601.11,ACT NOW,UP,False,https://letyshops.com/pl/shops/meblemwm-pl,,https://alerabat.com/kody-promocyjne/meble-mwm,https://goodie.pl/marka/meblemwm-pl
2026-04-17,PRM,6.0,%,7.85,up_to_%,False,,not_found,2.0,up_to_%,,not_found,letyshops,7.85,1.85,LOWER,31.63,10.0,86.2,861.94,5.0,54.57,ACT NOW,UP,False,https://letyshops.com/pl/shops/prm-pl,,https://alerabat.com/kody-promocyjne/prm,
2026-04-17,Mountain Warehouse,6.0,%,7.85,up_to_%,False,,not_found,3.0,up_to_%,3.0,%,letyshops,7.85,1.85,LOWER,0.0,6.0,8.67,144.46,1.0,8.67,ACT NOW,UP,False,https://letyshops.com/pl/shops/mountain-warehouse-pl,,https://alerabat.com/kody-promocyjne/mountainwarehouse,https://goodie.pl/marka/mountain-warehouse
2026-04-17,Puma,6.0,%,7.85,up_to_%,False,,not_found,1.0,up_to_%,2.0,up_to_%,letyshops,7.85,1.85,LOWER,0.0,6.0,310.09000000000003,5168.15,2.0,310.09000000000003,ACT NOW,UP,False,https://letyshops.com/pl/shops/puma-pl,,https://alerabat.com/kody-promocyjne/puma,https://goodie.pl/marka/puma
2026-04-17,Renee,6.0,%,7.85,up_to_%,False,,not_found,3.0,up_to_%,5.0,%,letyshops,7.85,1.85,LOWER,0.78,6.0,70.23,1170.57,8.0,69.45,ACT NOW,UP,False,https://letyshops.com/pl/shops/renee,,https://alerabat.com/kody-promocyjne/renee-pl,https://goodie.pl/marka/renee-pl
2026-04-17,GOG,6.0,%,7.85,up_to_%,False,1.9,%,3.1,up_to_%,3.0,%,letyshops,7.85,1.85,LOWER,0.03,6.0,3.11,51.93,6.0,2.31,ACT NOW,UP,False,https://letyshops.com/pl/shops/gog,https://www.picodi.com/pl/gog,https://alerabat.com/kody-promocyjne/gog,https://goodie.pl/marka/gog-com
2026-04-17,Kenwood,6.0,%,7.85,up_to_%,False,,not_found,3.0,up_to_%,,no cashback,letyshops,7.85,1.85,LOWER,,,,,,,REVIEW,UP,False,https://letyshops.com/pl/shops/kenwood-pl,,https://alerabat.com/kody-promocyjne/kenwood,https://goodie.pl/marka/kenwood
2026-04-17,Xiaomi,2.0,%,3.0,up_to_%,False,,not_found,1.5,up_to_%,2.5,%,letyshops,3.0,1.0,LOWER,,,,,,,REVIEW,UP,False,https://letyshops.com/pl/shops/xiaomi-pl,,https://alerabat.com/kody-promocyjne/xiaomi,https://goodie.pl/marka/xiaomi
2026-04-17,iBOOD,1.0,%,,not_found,False,1.2,up_to_%,2.0,up_to_%,2.0,up_to_%,alerabat,2.0,1.0,LOWER,9.54,2.0,12.940000000000001,421.06,5.0,1.76,ACT NOW,UP,False,,https://www.picodi.com/pl/ibood,https://alerabat.com/kody-promocyjne/ibood,https://goodie.pl/marka/ibood
2026-04-17,Shark,4.0,%,3.0,up_to_%,False,,not_found,2.5,up_to_%,5.0,%,goodie,5.0,1.0,LOWER,424.57,5.0,641.6700000000001,9748.02,3.0,217.11,ACT NOW,UP,False,https://letyshops.com/pl/shops/shark,,https://alerabat.com/kody-promocyjne/shark,https://goodie.pl/marka/shark
2026-04-17,Nike,7.0,%,7.85,up_to_%,False,,not_found,5.0,up_to_%,,no cashback,letyshops,7.85,0.85,LOWER,-34.83,3.0,32.370000000000005,1078.82,15.0,67.19000000000001,REVIEW,UP,False,https://letyshops.com/pl/shops/nike-pl,,https://alerabat.com/kody-promocyjne/nike,https://goodie.pl/marka/nike
2026-04-17,Van Graaf,7.0,%,7.85,up_to_%,False,,not_found,5.0,up_to_%,,no cashback,letyshops,7.85,0.85,LOWER,,,,,,,MONITOR,NONE,False,https://letyshops.com/pl/shops/van-graaf-pl,,https://alerabat.com/kody-promocyjne/van-graaf,https://goodie.pl/marka/van-graaf
2026-04-17,NEONAIL,7.0,%,7.85,up_to_%,False,,not_found,3.5,up_to_%,3.5,%,letyshops,7.85,0.85,LOWER,,,,,,,MONITOR,NONE,False,https://letyshops.com/pl/shops/neonail,,https://alerabat.com/kody-promocyjne/neo-nail,https://goodie.pl/marka/neonail
2026-04-17,Philips Hue,7.0,%,7.85,up_to_%,False,,not_found,3.5,up_to_%,3.5,%,letyshops,7.85,0.85,LOWER,,,,,,,MONITOR,NONE,False,https://letyshops.com/pl/shops/philips-hue-pl,,https://alerabat.com/kody-promocyjne/philips-hue,https://goodie.pl/marka/philips-hue
2026-04-17,Philips,7.0,%,7.85,up_to_%,False,,not_found,2.5,up_to_%,5.0,%,letyshops,7.85,0.85,LOWER,12.69,3.5,14.42,412.04,4.0,1.73,ACT NOW,UP,False,https://letyshops.com/pl/shops/philips-pl,,https://alerabat.com/kody-promocyjne/philips,https://goodie.pl/marka/philips
2026-04-17,Eveline,7.0,%,7.85,up_to_%,False,2.1,%,,not_found,,not_found,letyshops,7.85,0.85,LOWER,-0.3599999999999999,7.0,496.12,7087.49,8.0,496.48,REVIEW,UP,False,https://letyshops.com/pl/shops/eveline-pl,https://www.picodi.com/pl/eveline,,
2026-04-17,Estro,7.0,%,7.85,up_to_%,False,2.1,%,3.5,up_to_%,3.5,%,letyshops,7.85,0.85,LOWER,0.0,7.0,41.3,590.05,2.0,36.28,ACT NOW,UP,False,https://letyshops.com/pl/shops/estro-pl,https://www.picodi.com/pl/estro,https://alerabat.com/kody-promocyjne/estro,https://goodie.pl/marka/estro
2026-04-17,Volcano,7.0,%,7.85,up_to_%,False,,not_found,3.5,up_to_%,3.5,%,letyshops,7.85,0.85,LOWER,-0.57,7.0,233.63,3337.6,1.0,234.2,REVIEW,UP,False,https://letyshops.com/pl/shops/volcano-pl,,https://alerabat.com/kody-promocyjne/volcano,https://goodie.pl/marka/volcano
2026-04-17,eBilet,1.0,%,1.7,up_to_%,False,,zł,0.4,up_to_%,0.4,%,letyshops,1.7,0.7,LOWER,,,,,,,MONITOR,NONE,False,https://letyshops.com/pl/shops/ebilet-pl,https://www.picodi.com/pl/ebilet,https://alerabat.com/kody-promocyjne/ebilet,https://goodie.pl/marka/ebilet
2026-04-17,Stylevana,7.19,%,7.85,up_to_%,False,,not_found,3.6,up_to_%,,not_found,letyshops,7.85,0.66,LOWER,0.0,7.2,7.99,111.27,1.0,0.0,ACT NOW,UP,False,https://letyshops.com/pl/shops/stylevana,,https://alerabat.com/kody-promocyjne/stylevana,
2026-04-17,Pyszne.pl,2.0,%,2.5,up_to_%,False,,not_found,1.5,up_to_%,1.5,up_to_%,letyshops,2.5,0.5,LOWER,-398.49,3.0,78.47,2396.73,120.0,476.95,REVIEW,UP,False,https://letyshops.com/pl/shops/pyszne-pl,,https://alerabat.com/kod-promocyjny/pyszne-pl,https://goodie.pl/marka/pyszne-pl
2026-04-17,Ceneo,1.0,%,,not_found,False,,zł,1.32,up_to_%,,not_found,alerabat,1.32,0.32,LOWER,30.97,2.1,58.9,2834.57,33.0,27.93,ACT NOW,UP,False,,https://www.picodi.com/pl/ceneo,https://alerabat.com/kody-promocyjne/ceneo,
2026-04-17,Allegro,1.9,%,1.7,up_to_%,False,,zł,2.2,up_to_%,2.2,up_to_%,alerabat,2.2,0.3,LOWER,-11805.89,1.7,5391.83,316024.58,17234.0,17197.69,REVIEW,UP,False,https://letyshops.com/pl/shops/allegro-pl,https://www.picodi.com/pl/allegro,https://alerabat.com/kody-promocyjne/allegro,https://goodie.pl/marka/allegro
2026-04-17,Vobis,1.5,%,1.75,up_to_%,False,,not_found,1.5,up_to_%,1.75,up_to_%,letyshops,1.75,0.25,LOWER,-0.13,3.5,453.65999999999997,10717.52,4.0,261.94,REVIEW,UP,False,https://letyshops.com/pl/shops/vobis-pl,,https://alerabat.com/kod-promocyjny/vobis-pl,https://goodie.pl/marka/vobis
2026-04-17,Desigual,7.7,%,7.85,up_to_%,False,,zł,4.36,up_to_%,3.85,%,letyshops,7.85,0.15,LOWER,,,,,,,MONITOR,NONE,False,https://letyshops.com/pl/shops/desigual-pl,https://www.picodi.com/pl/desigual,https://alerabat.com/kod-promocyjny/desigual,https://goodie.pl/marka/desigual
2026-04-17,Huawei,3.5,%,3.2,up_to_%,False,,zł,3.46,up_to_%,3.6,up_to_%,goodie,3.6,0.1,LOWER,0.58,3.8,6.37,165.83,1.0,5.79,ACT NOW,UP,False,https://letyshops.com/pl/shops/huawei-pl,https://www.picodi.com/pl/huawei,https://alerabat.com/kody-promocyjne/huawei,https://goodie.pl/marka/huawei
2026-04-17,Cyfrowe.pl,2.0,%,,not_found,False,,zł,1.05,up_to_%,2.0,up_to_%,goodie,2.0,0.0,OK,-23.71,2.1,250.28,13703.470000000001,9.0,272.9,ACT NOW,DOWN,True,,https://www.picodi.com/pl/cyfrowe-pl,https://alerabat.com/kod-promocyjny/cyfrowe-pl,https://goodie.pl/marka/cyfrowe-pl
2026-04-17,zooplus,1.5,%,1.5,up_to_%,False,,not_found,1.5,up_to_%,1.5,up_to_%,letyshops,1.5,0.0,OK,-1371.52,1.3,3437.56,138834.27,509.0,4809.09,ACT NOW,DOWN,True,https://letyshops.com/pl/shops/zooplus-pl,,https://alerabat.com/kod-promocyjny/zooplus-pl,https://goodie.pl/marka/zooplus
2026-04-17,Udemy,10.0,%,6.5,up_to_%,False,,not_found,10.0,up_to_%,,no cashback,alerabat,10.0,0.0,OK,0.0,9.9,6.8,29.419999999999998,5.0,6.8,OPTIMISE,NONE,True,https://letyshops.com/pl/shops/udemy,,https://alerabat.com/kody-promocyjne/udemy-com,https://goodie.pl/marka/udemy
2026-04-17,Kinguin,5.0,%,,not_found,False,,not_found,5.0,up_to_%,2.5,up_to_%,alerabat,5.0,0.0,OK,-32.300000000000004,2.6,13.48,619.47,37.0,45.78,ACT NOW,DOWN,True,,,https://alerabat.com/kody-promocyjne/kinguin-net,https://goodie.pl/marka/kinguin
2026-04-17,Lookfantastic,5.0,%,5.0,up_to_%,False,,not_found,5.0,up_to_%,5.0,up_to_%,letyshops,5.0,0.0,OK,,,,,,,MONITOR,NONE,True,https://letyshops.com/pl/shops/lookfantastic-pl,,https://alerabat.com/kod-promocyjny/lookfantastic-com,https://goodie.pl/marka/lookfantastic
2026-04-17,Modivo,4.0,%,3.5,up_to_%,False,,not_found,4.0,up_to_%,4.0,up_to_%,alerabat,4.0,0.0,OK,-4.620000000000001,8.2,92.08,2043.29,21.0,96.7,ACT NOW,DOWN,True,https://letyshops.com/pl/shops/modivo-pl,,https://alerabat.com/kody-promocyjne/modivo,https://goodie.pl/marka/modivo
2026-04-17,Lacoste,8.0,%,7.85,up_to_%,False,,not_found,4.0,up_to_%,5.6,%,letyshops,7.85,-0.15,OK,,,,,,,OPTIMISE,NONE,True,https://letyshops.com/pl/shops/lacoste-pl,,https://alerabat.com/kody-promocyjne/lacoste,https://goodie.pl/marka/lacoste
2026-04-17,Pan Materac,8.0,%,7.85,up_to_%,False,,not_found,4.0,up_to_%,4.0,%,letyshops,7.85,-0.15,OK,0.8500000000000001,8.0,1925.1799999999998,24064.760000000002,11.0,1924.33,OPTIMISE,NONE,True,https://letyshops.com/pl/shops/pan-materac,,https://alerabat.com/kody-promocyjne/pan-materac,https://goodie.pl/marka/pan-materac
2026-04-17,Senpo.pl,8.0,%,7.85,up_to_%,False,,not_found,,not_found,,not_found,letyshops,7.85,-0.15,OK,,,,,,,OPTIMISE,NONE,True,https://letyshops.com/pl/shops/senpo-pl,,,
2026-04-17,OleOle!,8.0,%,7.85,up_to_%,False,,not_found,5.0,up_to_%,2.0,up_to_%,letyshops,7.85,-0.15,OK,580.67,2.7,1560.23,72309.56,18.0,979.56,OPTIMISE,NONE,True,https://letyshops.com/pl/shops/oleole-pl,,https://alerabat.com/kod-promocyjny/oleole-pl,https://goodie.pl/marka/oleole
2026-04-17,Colorland,8.0,%,7.85,up_to_%,False,3.5,%,5.75,up_to_%,5.75,%,letyshops,7.85,-0.15,OK,-5.029999999999999,11.5,8.46,85.66,4.0,8.57,ACT NOW,DOWN,True,https://letyshops.com/pl/shops/colorland-pl,https://www.picodi.com/pl/colorland,https://alerabat.com/kody-promocyjne/colorland,https://goodie.pl/marka/colorland
2026-04-17,Converse,5.0,%,4.8,up_to_%,False,3.6,up_to_%,4.8,up_to_%,3.0,%,letyshops,4.8,-0.2,OK,,,,,,,OPTIMISE,NONE,True,https://letyshops.com/pl/shops/converse-pl,https://www.picodi.com/pl/converse,https://alerabat.com/kody-promocyjne/converse-pl,https://goodie.pl/marka/converse
2026-04-17,Ubisoft,0.5,%,,not_found,False,,not_found,,not_found,0.21,%,goodie,0.21,-0.29,OK,,,,,,,OPTIMISE,NONE,True,,,,https://goodie.pl/marka/ubisoft
2026-04-17,Eventim,2.0,%,1.7,up_to_%,False,,zł,1.0,up_to_%,1.0,%,letyshops,1.7,-0.3,OK,2.14,2.0,9.83,491.24,5.0,7.6899999999999995,OPTIMISE,NONE,True,https://letyshops.com/pl/shops/eventim-pl,https://www.picodi.com/pl/eventim,https://alerabat.com/kody-promocyjne/eventim,https://goodie.pl/marka/eventim
2026-04-17,Samsung,3.0,%,2.5,up_to_%,False,,not_found,,not_found,2.5,up_to_%,letyshops,2.5,-0.5,OK,20.240000000000002,5.0,199.68,5027.8099999999995,4.0,179.44,OPTIMISE,NONE,True,https://letyshops.com/pl/shops/samsung-pl,,,https://goodie.pl/marka/samsung
2026-04-17,Carrefour,3.0,%,2.5,up_to_%,False,,zł,1.5,up_to_%,1.75,%,letyshops,2.5,-0.5,OK,0.15,3.0,13.94,459.91,8.0,13.79,OPTIMISE,NONE,True,https://letyshops.com/pl/shops/carrefour-pl,https://www.picodi.com/pl/carrefour,https://alerabat.com/kody-promocyjne/carrefour,https://goodie.pl/marka/carrefour
2026-04-17,Answear,3.0,%,2.0,up_to_%,False,1.2,up_to_%,1.75,up_to_%,2.5,%,goodie,2.5,-0.5,OK,395.27,3.6,1079.49,30271.769999999997,25.0,684.2099999999999,OPTIMISE,NONE,True,https://letyshops.com/pl/shops/answear,https://www.picodi.com/pl/answear-com,https://alerabat.com/kod-promocyjny/answear-com,https://goodie.pl/marka/answear-com
2026-04-17,Alibaba,8.4,%,7.85,up_to_%,False,2.5,up_to_%,3.08,up_to_%,2.7,%,letyshops,7.85,-0.55,OK,-1.26,7.9,9.88,125.65,3.0,11.14,ACT NOW,DOWN,True,https://letyshops.com/pl/shops/alibaba,https://www.picodi.com/pl/alibaba,https://alerabat.com/kody-promocyjne/alibaba-com,https://goodie.pl/marka/alibaba-pl
2026-04-17,iDream,3.0,%,,not_found,False,1.3,up_to_%,2.17,up_to_%,,no cashback,alerabat,2.17,-0.83,OK,-1.2300000000000004,4.3,51.300000000000004,1750.86,3.0,52.519999999999996,ACT NOW,DOWN,True,,https://www.picodi.com/pl/idream-pl,https://alerabat.com/kody-promocyjne/idream,https://goodie.pl/marka/idream
2026-04-17,Sun & Snow,4.5,%,2.25,up_to_%,False,,not_found,2.25,up_to_%,3.5,%,goodie,3.5,-1.0,OK,,,,,,,OPTIMISE,NONE,True,https://letyshops.com/pl/shops/sun-snow-pl,,https://alerabat.com/kody-promocyjne/sunandsnow,https://goodie.pl/marka/sunsnow
2026-04-17,Kiwi,3.0,%,2.0,up_to_%,False,,not_found,1.5,up_to_%,,no cashback,letyshops,2.0,-1.0,OK,,,,,,,OPTIMISE,NONE,True,https://letyshops.com/pl/shops/kiwi,,https://alerabat.com/kody-promocyjne/kiwi,https://goodie.pl/marka/kiwi
2026-04-17,Katalog Marzeń,2.8,%,1.7,up_to_%,False,,not_found,,not_found,1.35,%,letyshops,1.7,-1.1,OK,0.0,2.8,2.2199999999999998,79.22,2.0,1.43,OPTIMISE,NONE,True,https://letyshops.com/pl/shops/katalog-marzen-pl,,,https://goodie.pl/marka/katalog-marzen
2026-04-17,Dstreet,9.0,%,7.85,up_to_%,False,2.7,%,4.5,up_to_%,4.5,%,letyshops,7.85,-1.15,OK,,,,,,,OPTIMISE,NONE,True,https://letyshops.com/pl/shops/dstreet,https://www.picodi.com/pl/dstreet,https://alerabat.com/kody-promocyjne/dstreet-pl,https://goodie.pl/marka/dstreet
2026-04-17,Endo,9.0,%,7.85,up_to_%,False,2.7,%,4.5,up_to_%,4.5,%,letyshops,7.85,-1.15,OK,0.0,9.0,45.0,499.96,1.0,45.0,OPTIMISE,NONE,True,https://letyshops.com/pl/shops/endo-pl,https://www.picodi.com/pl/endo,https://alerabat.com/kod-rabatowy/endo,https://goodie.pl/marka/endo
2026-04-17,BIG STAR,9.0,%,7.85,up_to_%,False,0.6,%,3.0,up_to_%,3.0,%,letyshops,7.85,-1.15,OK,,,,,,,OPTIMISE,NONE,True,https://letyshops.com/pl/shops/big-star-pl,https://www.picodi.com/pl/big-star,https://alerabat.com/kod-promocyjny/bigstar,https://goodie.pl/marka/big-star
2026-04-17,KFC,4.0,%,2.5,up_to_%,False,,not_found,2.76,up_to_%,2.77,%,goodie,2.77,-1.23,OK,-0.76,5.5,11.83,213.84,12.0,12.57,ACT NOW,DOWN,True,https://letyshops.com/pl/shops/kfc-polska,,https://alerabat.com/kody-promocyjne/kfc,https://goodie.pl/marka/kfc
2026-04-17,Znak,3.0,%,1.7,up_to_%,False,,not_found,1.6,up_to_%,1.6,%,letyshops,1.7,-1.3,OK,,,,,,,OPTIMISE,NONE,True,https://letyshops.com/pl/shops/znak,,https://alerabat.com/kod-promocyjny/znak,https://goodie.pl/marka/znak
2026-04-17,Leo Express,4.0,%,,not_found,False,,not_found,2.5,up_to_%,2.5,%,alerabat,2.5,-1.5,OK,0.0,14.0,5.79,41.33,1.0,5.79,OPTIMISE,NONE,True,,,https://alerabat.com/kody-promocyjne/leoexpress,https://goodie.pl/marka/leoexpress
2026-04-17,Eltrox,4.5,%,2.75,up_to_%,False,1.8,%,3.0,up_to_%,2.75,up_to_%,alerabat,3.0,-1.5,OK,0.0,4.5,144.55,3212.26,3.0,144.56,OPTIMISE,NONE,True,https://letyshops.com/pl/shops/eltrox-pl,https://www.picodi.com/pl/eltrox-pl,https://alerabat.com/kod-promocyjny/eltrox-pl,https://goodie.pl/marka/eltrox-pl
2026-04-17,Gamivo,4.0,%,1.7,up_to_%,False,0.8,%,2.5,up_to_%,2.5,%,alerabat,2.5,-1.5,OK,-1037.69,10.0,161.52,1615.18,37.0,1195.68,ACT NOW,DOWN,True,https://letyshops.com/pl/shops/gamivo,https://www.picodi.com/pl/gamivo,https://alerabat.com/kody-promocyjne/gamivo,https://goodie.pl/marka/gamivo
2026-04-17,Mamyito,4.5,%,2.5,up_to_%,False,,not_found,2.8,up_to_%,2.4,%,alerabat,2.8,-1.7,OK,0.049999999999999996,4.8,13.08,272.49,6.0,13.03,OPTIMISE,NONE,True,https://letyshops.com/pl/shops/mamyito-pl,,https://alerabat.com/kody-promocyjne/mamyito,https://goodie.pl/marka/mamyito-pl
2026-04-17,CCC,5.0,%,3.25,up_to_%,False,2.0,up_to_%,3.25,up_to_%,3.25,up_to_%,letyshops,3.25,-1.75,OK,16.9,6.5,86.19,1405.9,27.0,69.28999999999999,OPTIMISE,NONE,True,https://letyshops.com/pl/shops/ccc-pl,https://www.picodi.com/pl/ccc,https://alerabat.com/kody-promocyjne/ccc,https://goodie.pl/marka/ccc
2026-04-17,home&you,6.5,%,3.25,up_to_%,False,1.2,up_to_%,,not_found,4.75,up_to_%,goodie,4.75,-1.75,OK,,,,,,,OPTIMISE,NONE,True,https://letyshops.com/pl/shops/home-you,https://www.picodi.com/pl/home-you,,https://goodie.pl/marka/homeyou
2026-04-17,eSky,3.5,%,1.75,up_to_%,False,1.1,%,1.75,up_to_%,1.75,%,letyshops,1.75,-1.75,OK,0.0,3.5,120.25,3435.81,4.0,120.25,OPTIMISE,NONE,True,https://letyshops.com/pl/shops/esky,https://www.picodi.com/pl/esky-pl,https://alerabat.com/kody-promocyjne/esky-pl,https://goodie.pl/marka/esky-pl
2026-04-17,Olimp Store,4.0,%,,not_found,False,,not_found,2.1,up_to_%,,no cashback,alerabat,2.1,-1.9,OK,0.0,4.2,1.51,36.03,1.0,0.0,OPTIMISE,NONE,True,,,https://alerabat.com/kody-promocyjne/olimp-store,https://goodie.pl/marka/olimp-store
2026-04-17,Lampy.pl,8.0,%,6.0,up_to_%,False,,not_found,4.0,up_to_%,4.0,up_to_%,letyshops,6.0,-2.0,OK,-2.24,8.0,214.76999999999998,2712.5899999999997,4.0,217.0,ACT NOW,DOWN,True,https://letyshops.com/pl/shops/lampy-pl,,https://alerabat.com/kod-promocyjny/lampy-pl,https://goodie.pl/marka/lampy-pl
2026-04-17,Adidas,5.0,%,3.0,up_to_%,False,1.8,up_to_%,3.0,up_to_%,3.0,up_to_%,letyshops,3.0,-2.0,OK,,,,,,,OPTIMISE,NONE,True,https://letyshops.com/pl/shops/adidas-polska,https://www.picodi.com/pl/adidas-pl,https://alerabat.com/kod-promocyjny/adidas-pl,https://goodie.pl/marka/adidas
2026-04-17,Bimba Y Lola,6.0,%,,not_found,False,2.4,%,4.0,up_to_%,4.0,%,alerabat,4.0,-2.0,OK,,,,,,,OPTIMISE,NONE,True,,https://www.picodi.com/pl/bimba-y-lola,https://alerabat.com/kody-promocyjne/bimba-y-lola,https://goodie.pl/marka/bimba-y-lola
2026-04-17,Fielmann,6.0,%,,not_found,False,2.4,%,4.0,up_to_%,4.0,%,alerabat,4.0,-2.0,OK,0.0,8.0,21.2,265.07,3.0,21.2,OPTIMISE,NONE,True,,https://www.picodi.com/pl/fielmann,https://alerabat.com/kody-promocyjne/fielmann,https://goodie.pl/marka/fielmann
2026-04-17,Trip.com,5.5,%,3.5,up_to_%,False,,not_found,,not_found,2.75,up_to_%,letyshops,3.5,-2.0,OK,56.44,2.1,105.80000000000001,4684.64,10.0,49.35,OPTIMISE,NONE,True,https://letyshops.com/pl/shops/trip-com,,,https://goodie.pl/marka/trip-com
2026-04-17,Ucando,4.0,%,2.0,up_to_%,False,,not_found,2.0,up_to_%,2.0,%,letyshops,2.0,-2.0,OK,0.0,4.0,6.09,152.21,1.0,6.09,OPTIMISE,NONE,True,https://letyshops.com/pl/shops/ucando,,https://alerabat.com/kody-promocyjne/ucando-pl,https://goodie.pl/marka/ucando-pl
2026-04-17,Geekbuying.pl,6.0,%,4.0,up_to_%,False,2.4,up_to_%,2.5,up_to_%,4.0,up_to_%,letyshops,4.0,-2.0,OK,0.0,5.0,42.28,844.38,1.0,0.0,OPTIMISE,NONE,True,https://letyshops.com/pl/shops/geekbuying-pl,https://www.picodi.com/pl/geekbuying,https://alerabat.com/kody-promocyjne/geekbuying,https://goodie.pl/marka/geekbuying-pl
2026-04-17,Gameseal,5.0,%,1.5,up_to_%,False,3.0,up_to_%,1.5,up_to_%,1.5,%,picodi,3.0,-2.0,OK,-1174.7299999999998,6.0,107.19999999999999,1786.82,42.0,1281.92,ACT NOW,DOWN,True,https://letyshops.com/pl/shops/gameseal,https://www.picodi.com/pl/gameseal,https://alerabat.com/kody-promocyjne/gameseal,https://goodie.pl/marka/gameseal
2026-04-17,Maxi Zoo,5.0,%,3.0,up_to_%,False,,not_found,3.0,up_to_%,3.0,up_to_%,letyshops,3.0,-2.0,OK,-148.77,4.8,3173.37,102817.94,816.0,3322.15,ACT NOW,DOWN,True,https://letyshops.com/pl/shops/maxi-zoo-pl,,https://alerabat.com/kody-promocyjne/maxi-zoo,https://goodie.pl/marka/maxi-zoo
2026-04-17,Abra,4.2,%,,not_found,False,1.5,%,,not_found,2.1,%,goodie,2.1,-2.1,OK,25.55,4.2,640.25,15244.21,6.0,614.7,OPTIMISE,NONE,True,,https://www.picodi.com/pl/abra,,https://goodie.pl/marka/abra
2026-04-17,New Balance,10.0,%,7.85,up_to_%,False,,not_found,2.5,up_to_%,5.0,%,letyshops,7.85,-2.15,OK,-17.110000000000003,10.0,30.82,758.18,8.0,32.22,ACT NOW,DOWN,True,https://letyshops.com/pl/shops/new-balance-pl,,https://alerabat.com/kody-promocyjne/new-balance,https://goodie.pl/marka/new-balance
2026-04-17,MyProtein,10.0,%,7.85,up_to_%,False,,not_found,5.0,up_to_%,4.0,%,letyshops,7.85,-2.15,OK,,,,,,,OPTIMISE,NONE,True,https://letyshops.com/pl/shops/myprotein-pl,,https://alerabat.com/kod-promocyjny/myprotein,https://goodie.pl/marka/myprotein
2026-04-17,Wrangler,10.0,%,7.85,up_to_%,False,,not_found,5.0,up_to_%,5.0,%,letyshops,7.85,-2.15,OK,,,,,,,OPTIMISE,NONE,True,https://letyshops.com/pl/shops/wrangler-pl,,https://alerabat.com/kody-promocyjne/wrangler,https://goodie.pl/marka/wrangler
2026-04-17,Sinsay,10.0,%,7.85,up_to_%,False,,not_found,5.0,up_to_%,5.0,up_to_%,letyshops,7.85,-2.15,OK,0.67,8.0,3.27,40.89,1.0,2.6,OPTIMISE,NONE,True,https://letyshops.com/pl/shops/sinsay-pl,,https://alerabat.com/kod-promocyjny/sinsay,https://goodie.pl/marka/sinsay
2026-04-17,Leroy Merlin,10.0,%,7.85,up_to_%,False,,zł,1.0,up_to_%,1.09,%,letyshops,7.85,-2.15,OK,-56.95,2.2,576.85,16073.880000000001,82.0,633.8,ACT NOW,DOWN,True,https://letyshops.com/pl/shops/leroy-merlin,https://www.picodi.com/pl/leroy-merlin,https://alerabat.com/kod-promocyjny/leroy-merlin,https://goodie.pl/marka/leroy-merlin
2026-04-17,Banggood,10.0,%,6.5,up_to_%,False,4.7,up_to_%,6.5,up_to_%,7.75,up_to_%,goodie,7.75,-2.25,OK,0.25,6.0,0.76,12.58,1.0,0.5,OPTIMISE,NONE,True,https://letyshops.com/pl/shops/banggood,https://www.picodi.com/pl/banggood-com,https://alerabat.com/kod-promocyjny/banggood-com,https://goodie.pl/marka/banggood
2026-04-17,LOT,3.0,%,,not_found,False,,not_found,0.75,up_to_%,,not_found,alerabat,0.75,-2.25,OK,0.0,1.5,77.81,5186.67,9.0,77.81,OPTIMISE,NONE,True,,,https://alerabat.com/kod-promocyjny/lot,
2026-04-17,Joom,9.75,%,,not_found,False,,not_found,7.5,up_to_%,5.25,up_to_%,alerabat,7.5,-2.25,OK,0.0,9.8,5.19,53.03,5.0,5.19,OPTIMISE,NONE,True,,,https://alerabat.com/kody-promocyjne/joom,https://goodie.pl/marka/joom
2026-04-17,Przyjaciele Kawy,6.0,%,3.7,up_to_%,False,,not_found,3.55,up_to_%,3.7,up_to_%,letyshops,3.7,-2.3,OK,5321.45,4.5,7593.86,159822.82,32.0,2272.41,OPTIMISE,NONE,True,https://letyshops.com/pl/shops/przyjaciele-kawy-pl,,https://alerabat.com/kody-promocyjne/przyjaciele-kawy,https://goodie.pl/marka/przyjacielekawy-pl
2026-04-17,Flexispot,5.0,%,,not_found,False,1.5,%,2.5,up_to_%,2.5,%,alerabat,2.5,-2.5,OK,,,,,,,OPTIMISE,NONE,True,,https://www.picodi.com/pl/flexispot,https://alerabat.com/kody-promocyjne/flexispot,https://goodie.pl/marka/flexispot
2026-04-17,eobuwie,6.0,%,3.5,up_to_%,False,3.0,%,3.5,up_to_%,3.5,up_to_%,letyshops,3.5,-2.5,OK,18.43,3.8,174.63,4313.49,47.0,156.2,OPTIMISE,NONE,True,https://letyshops.com/pl/shops/eobuwie-pl,https://www.picodi.com/pl/eobuwie,https://alerabat.com/kod-promocyjny/eobuwie,https://goodie.pl/marka/eobuwie-pl
2026-04-17,Footshop,5.0,%,2.5,up_to_%,False,2.1,up_to_%,2.5,up_to_%,2.5,up_to_%,letyshops,2.5,-2.5,OK,72.89,4.0,96.92,2403.37,3.0,24.03,OPTIMISE,NONE,True,https://letyshops.com/pl/shops/footshop-pl,https://www.picodi.com/pl/footshop,https://alerabat.com/kody-promocyjne/footshop-pl,https://goodie.pl/marka/footshop-pl
2026-04-17,Świat supli,5.0,%,,not_found,False,,not_found,2.5,up_to_%,,not_found,alerabat,2.5,-2.5,OK,0.0,5.0,136.09,2721.87,8.0,136.09,OPTIMISE,NONE,True,,,https://alerabat.com/kody-promocyjne/swiat-supli,
2026-04-17,JD Sports,5.0,%,2.5,up_to_%,False,1.5,up_to_%,2.5,up_to_%,2.5,%,letyshops,2.5,-2.5,OK,-1.93,5.0,18.86,360.15,4.0,20.79,ACT NOW,DOWN,True,https://letyshops.com/pl/shops/jd-sports-pl,https://www.picodi.com/pl/jdsports,https://alerabat.com/kody-promocyjne/jd-sports,https://goodie.pl/marka/jdsports
2026-04-17,Loaded,5.0,%,2.5,up_to_%,False,,not_found,1.0,up_to_%,,not_found,letyshops,2.5,-2.5,OK,,,,,,,OPTIMISE,NONE,True,https://letyshops.com/pl/shops/cdkeys,,https://alerabat.com/kody-promocyjne/loaded,
2026-04-17,Mango Outlet,3.0,%,,not_found,False,,not_found,0.5,up_to_%,,not_found,alerabat,0.5,-2.5,OK,-16.67,15.0,64.73,431.51,4.0,81.4,ACT NOW,DOWN,True,,,https://alerabat.com/kody-promocyjne/mango-outlet,
2026-04-17,e-torty,10.0,%,2.5,up_to_%,False,4.5,%,7.5,up_to_%,7.5,%,alerabat,7.5,-2.5,OK,4.6,15.0,18.16,121.11,4.0,7.35,OPTIMISE,NONE,True,https://letyshops.com/pl/shops/e-torty-pl,https://www.picodi.com/pl/e-torty-pl,https://alerabat.com/kody-promocyjne/e-torty-pl,https://goodie.pl/marka/e-torty-pl
2026-04-17,GetYourGuide,4.0,%,1.15,up_to_%,False,0.7,%,1.15,up_to_%,1.15,%,letyshops,1.15,-2.85,OK,-13.63,5.0,20.73,414.39,6.0,34.36,ACT NOW,DOWN,True,https://letyshops.com/pl/shops/getyourguide-pl,https://www.picodi.com/pl/getyourguide,https://alerabat.com/kody-promocyjne/getyourguide,https://goodie.pl/marka/getyourguide-pl
2026-04-17,Sephora,7.5,%,4.5,up_to_%,False,3.3,up_to_%,3.0,up_to_%,4.5,up_to_%,letyshops,4.5,-3.0,OK,-19.98,5.0,34.25,1011.63,18.0,54.24,ACT NOW,DOWN,True,https://letyshops.com/pl/shops/sephora-pl,https://www.picodi.com/pl/sephora,https://alerabat.com/kod-promocyjny/sephora,https://goodie.pl/marka/sephora
2026-04-17,Douglas,8.0,%,5.0,up_to_%,False,3.0,up_to_%,4.0,up_to_%,4.0,up_to_%,letyshops,5.0,-3.0,OK,-17.11,10.1,64.44,718.6400000000001,9.0,81.54,ACT NOW,DOWN,True,https://letyshops.com/pl/shops/douglas,https://www.picodi.com/pl/douglas,https://alerabat.com/kod-promocyjny/douglas-pl,https://goodie.pl/marka/douglas
2026-04-17,Marilyn,6.0,%,,not_found,False,,not_found,3.0,up_to_%,3.0,%,alerabat,3.0,-3.0,OK,0.0,6.0,79.44,1323.9399999999998,2.0,79.44,OPTIMISE,NONE,True,,,https://alerabat.com/kody-promocyjne/e-marilyn-pl,https://goodie.pl/marka/marilyn
2026-04-17,SportStyleStory,6.0,%,3.0,up_to_%,False,,not_found,3.0,up_to_%,3.0,up_to_%,letyshops,3.0,-3.0,OK,17.3,6.0,1276.97,21283.199999999997,12.0,1259.67,OPTIMISE,NONE,True,https://letyshops.com/pl/shops/sportstylestory-pl,,https://alerabat.com/kody-promocyjne/sportstylestory,https://goodie.pl/marka/sportstylestory-com
2026-04-17,Gomez,6.5,%,3.3,up_to_%,False,2.0,up_to_%,3.33,up_to_%,3.33,up_to_%,alerabat,3.33,-3.17,OK,2.86,6.7,74.89,1124.5,2.0,72.03,OPTIMISE,NONE,True,https://letyshops.com/pl/shops/gomez-pl,https://www.picodi.com/pl/gomez,https://alerabat.com/kody-promocyjne/gomez,https://goodie.pl/marka/gomez-pl
2026-04-17,Airalo,9.0,%,,not_found,False,3.5,up_to_%,5.76,up_to_%,5.0,%,alerabat,5.76,-3.24,OK,,,,,,,OPTIMISE,NONE,True,,https://www.picodi.com/pl/airalo,https://alerabat.com/kody-promocyjne/airalo,https://goodie.pl/marka/airalo
2026-04-17,HP,7.0,%,3.5,up_to_%,False,,zł,3.5,up_to_%,3.5,up_to_%,letyshops,3.5,-3.5,OK,,,,,,,OPTIMISE,NONE,True,https://letyshops.com/pl/shops/hp-pl,https://www.picodi.com/pl/hp,https://alerabat.com/kody-promocyjne/hp,https://goodie.pl/marka/hp
2026-04-17,EMP,7.0,%,3.5,up_to_%,False,2.1,up_to_%,,not_found,,not_found,letyshops,3.5,-3.5,OK,,,,,,,OPTIMISE,NONE,True,https://letyshops.com/pl/shops/emp-pl,https://www.picodi.com/pl/emp-shop,,
2026-04-17,ESET,10.0,%,6.0,up_to_%,False,3.6,up_to_%,5.5,up_to_%,5.5,%,letyshops,6.0,-4.0,OK,0.0,10.0,7.69,76.88,1.0,0.0,OPTIMISE,NONE,True,https://letyshops.com/pl/shops/eset-pl,https://www.picodi.com/pl/eset,https://alerabat.com/kody-promocyjne/eset,https://goodie.pl/marka/eset-pl
2026-04-17,Dedoles,8.0,%,,not_found,False,2.4,%,4.0,up_to_%,,not_found,alerabat,4.0,-4.0,OK,,,,,,,OPTIMISE,NONE,True,,https://www.picodi.com/pl/dedoles,https://alerabat.com/kody-promocyjne/dedoles,
2026-04-17,Lounge by Zalando,10.0,%,6.0,up_to_%,False,,zł,6.0,up_to_%,6.0,up_to_%,letyshops,6.0,-4.0,OK,,,,,,,OPTIMISE,NONE,True,https://letyshops.com/pl/shops/zalando-lounge-pl,https://www.picodi.com/pl/zalando-lounge,https://alerabat.com/kody-promocyjne/lounge-by-zalando,https://goodie.pl/marka/lounge-by-zalando
2026-04-17,AUTODOC,8.0,%,4.0,up_to_%,False,,zł,4.0,up_to_%,4.0,up_to_%,letyshops,4.0,-4.0,OK,,,,,,,OPTIMISE,NONE,True,https://letyshops.com/pl/shops/autodoc-pl,https://www.picodi.com/pl/autodoc,https://alerabat.com/kody-promocyjne/autodoc,https://goodie.pl/marka/autodoc
2026-04-17,Temu,40.0,%,7.85,up_to_%,False,36.0,up_to_%,7.5,up_to_%,16.0,up_to_%,picodi,36.0,-4.0,OK,954.03,14.6,8646.46,56297.59,2734.0,7692.42,OPTIMISE,NONE,True,https://letyshops.com/pl/shops/temu,https://www.picodi.com/pl/temu,https://alerabat.com/kody-promocyjne/temu,https://goodie.pl/marka/temu
2026-04-17,Parfumdreams,12.0,%,7.85,up_to_%,False,,not_found,5.0,up_to_%,5.0,up_to_%,letyshops,7.85,-4.15,OK,,,,,,,OPTIMISE,NONE,True,https://letyshops.com/pl/shops/parfumdreams-pl,,https://alerabat.com/kody-promocyjne/parfumdreams,https://goodie.pl/marka/parfumdreams
2026-04-17,Skechers,8.5,%,,not_found,False,,not_found,4.25,up_to_%,,no cashback,alerabat,4.25,-4.25,OK,,,,,,,OPTIMISE,NONE,True,,,https://alerabat.com/kody-promocyjne/skechers,https://goodie.pl/marka/skechers
2026-04-17,Flixbus,7.0,%,0.75,%,False,1.5,up_to_%,2.5,up_to_%,2.5,up_to_%,alerabat,2.5,-4.5,OK,0.0,3.0,5.28,153.26999999999998,22.0,5.28,OPTIMISE,NONE,True,https://letyshops.com/pl/shops/flixbus-pl,https://www.picodi.com/pl/flixbus,https://alerabat.com/kody-promocyjne/flixbus,https://goodie.pl/marka/flixbus-pl
2026-04-17,Dermacol,7.0,%,,not_found,False,,not_found,2.0,up_to_%,,not_found,alerabat,2.0,-5.0,OK,-19.65,4.0,27.93,698.16,4.0,47.58,ACT NOW,DOWN,True,,,https://alerabat.com/kody-promocyjne/dermacol,
2026-04-17,AliExpress,10.0,%,5.0,up_to_%,False,,zł,5.0,up_to_%,4.5,up_to_%,letyshops,5.0,-5.0,OK,3205.49,4.5,5277.34,101082.4,9288.0,2071.85,OPTIMISE,NONE,True,https://letyshops.com/pl/shops/aliexpress,https://www.picodi.com/pl/aliexpress,https://alerabat.com/kod-rabatowy/aliexpress,https://goodie.pl/marka/aliexpress
2026-04-17,Petkarma,10.0,%,,not_found,False,,not_found,5.0,up_to_%,,no cashback,alerabat,5.0,-5.0,OK,0.0,5.0,8.72,174.38,1.0,8.72,OPTIMISE,NONE,True,,,https://alerabat.com/kody-promocyjne/petkarma-pl,https://goodie.pl/marka/petkarma-pl
2026-04-17,Empik Foto,10.0,%,5.0,up_to_%,False,,zł,5.0,up_to_%,5.0,up_to_%,letyshops,5.0,-5.0,OK,,,,,,,OPTIMISE,NONE,True,https://letyshops.com/pl/shops/empikfoto-pl,https://www.picodi.com/pl/empikfoto-pl,https://alerabat.com/kod-promocyjny/empikfoto-pl,https://goodie.pl/marka/empik-foto
2026-04-17,Legimi,15.0,%,7.5,up_to_%,False,,not_found,7.5,up_to_%,9.2,up_to_%,goodie,9.2,-5.8,OK,0.0,0.0,1235.31,20.509999999999998,436.0,1235.31,OPTIMISE,NONE,True,https://letyshops.com/pl/shops/legimi-pl,,https://alerabat.com/kody-promocyjne/legimi,https://goodie.pl/marka/legimi
2026-04-17,Euroflorist,12.0,%,2.5,up_to_%,False,3.6,%,6.0,up_to_%,6.0,%,alerabat,6.0,-6.0,OK,0.05,12.0,3.01,25.06,1.0,2.96,OPTIMISE,NONE,True,https://letyshops.com/pl/shops/euroflorist-pl,https://www.picodi.com/pl/euro-florist,https://alerabat.com/kod-promocyjny/euroflorist,https://goodie.pl/marka/euroflorist
2026-04-17,Bibliotheque De Parfum,12.0,%,,not_found,False,3.6,%,6.0,up_to_%,,not_found,alerabat,6.0,-6.0,OK,,,,,,,OPTIMISE,NONE,True,,https://www.picodi.com/pl/bibliotheque-de-parfum,https://alerabat.com/kody-promocyjne/bibliotheque-de-parfum,
2026-04-17,Erli,8.8,%,2.2,up_to_%,False,1.3,up_to_%,2.5,up_to_%,2.2,up_to_%,alerabat,2.5,-6.3,OK,2.31,2.9,1964.52,61319.34,98.0,1962.22,OPTIMISE,NONE,True,https://letyshops.com/pl/shops/erli,https://www.picodi.com/pl/erli-pl,https://alerabat.com/kody-promocyjne/erli,https://goodie.pl/marka/erli-pl
2026-04-17,BeDiet,14.0,%,7.0,up_to_%,False,4.2,up_to_%,7.0,up_to_%,7.0,up_to_%,letyshops,7.0,-7.0,OK,,,,,,,OPTIMISE,NONE,True,https://letyshops.com/pl/shops/bediet-pl,https://www.picodi.com/pl/bediet,https://alerabat.com/kody-promocyjne/bediet,https://goodie.pl/marka/bediet
2026-04-17,AirHelp,20.0,%,2.5,up_to_%,False,4.5,%,12.5,up_to_%,10.0,up_to_%,alerabat,12.5,-7.5,OK,-9.67,20.0,19.33,96.66,1.0,29.0,ACT NOW,DOWN,True,https://letyshops.com/pl/shops/airhelp,https://www.picodi.com/pl/air-help,https://alerabat.com/kody-promocyjne/air-help,https://goodie.pl/marka/airhelp
2026-04-17,Byrokko,14.0,%,,not_found,False,,not_found,4.5,up_to_%,6.5,up_to_%,goodie,6.5,-7.5,OK,31.22,17.0,37.9,222.97,1.0,6.69,OPTIMISE,NONE,True,,,https://alerabat.com/kody-promocyjne/byrokko,https://goodie.pl/marka/byrokko
2026-04-17,Notino,10.0,%,2.5,up_to_%,False,,not_found,,not_found,2.5,up_to_%,letyshops,2.5,-7.5,OK,-114.82999999999998,4.9,1987.69,40633.310000000005,69.0,2102.5099999999998,ACT NOW,DOWN,True,https://letyshops.com/pl/shops/notino-pl,,,https://goodie.pl/marka/notino
2026-04-17,SHEIN,18.0,%,5.0,up_to_%,False,6.0,up_to_%,7.5,up_to_%,10.0,up_to_%,goodie,10.0,-8.0,OK,,,,,,,OPTIMISE,NONE,True,https://letyshops.com/pl/shops/shein-pl,https://www.picodi.com/pl/shein,https://alerabat.com/kody-promocyjne/shein,https://goodie.pl/marka/shein
2026-04-17,Groupon,14.0,%,3.5,up_to_%,False,2.1,up_to_%,3.0,up_to_%,3.0,up_to_%,letyshops,3.5,-10.5,OK,-0.66,1.0,68.77,1174.71,13.0,69.43,ACT NOW,DOWN,True,https://letyshops.com/pl/shops/groupon-pl,https://www.picodi.com/pl/groupon,https://alerabat.com/kod-promocyjny/groupon,https://goodie.pl/marka/groupon-pl
2026-04-17,Foreo,20.0,%,7.85,up_to_%,False,6.9,%,3.75,up_to_%,3.75,%,letyshops,7.85,-12.15,OK,,,,,,,OPTIMISE,NONE,True,https://letyshops.com/pl/shops/foreo,https://www.picodi.com/pl/foreo,https://alerabat.com/kody-promocyjne/foreo,https://goodie.pl/marka/foreo
2026-04-17,norton,25.0,%,7.85,up_to_%,False,,not_found,12.5,up_to_%,12.5,up_to_%,alerabat,12.5,-12.5,OK,,,,,,,OPTIMISE,NONE,True,https://letyshops.com/pl/shops/norton-pl,,https://alerabat.com/kody-promocyjne/norton,https://goodie.pl/marka/norton
2026-04-17,MediaMarkt,18.0,%,3.5,up_to_%,False,1.8,up_to_%,3.0,up_to_%,3.0,up_to_%,letyshops,3.5,-14.5,OK,-393.9,2.0,354.73,16833.89,57.0,748.63,ACT NOW,DOWN,True,https://letyshops.com/pl/shops/media-markt-pl,https://www.picodi.com/pl/mediamarkt,https://alerabat.com/kod-promocyjny/mediamarkt,https://goodie.pl/marka/media-markt
2026-04-17,NordVPN,40.0,%,20.0,up_to_%,False,,not_found,21.97,up_to_%,20.0,%,alerabat,21.97,-18.03,OK,0.0,40.0,49.09,122.72,2.0,49.09,OPTIMISE,NONE,True,https://letyshops.com/pl/shops/nord-vpn,,https://alerabat.com/kody-promocyjne/nordvpn,https://goodie.pl/marka/nordvpn
2026-04-17,Bee.pl,,no cashback,7.85,up_to_%,False,,not_found,,not_found,,not_found,letyshops,7.85,,OK,,,,,,,NO DATA,NONE,False,https://letyshops.com/pl/shops/bee-pl,,,
2026-04-17,Broń.pl,,no cashback,,not_found,False,2.7,%,,not_found,,not_found,picodi,2.7,,OK,0.81,8.0,1082.55,13531.8,16.0,1081.73,NO DATA,NONE,False,,https://www.picodi.com/pl/bron-pl,,
2026-04-17,Canal Plus,,no cashback,2.5,up_to_%,False,,not_found,,not_found,,not_found,letyshops,2.5,,OK,,,,,,,NO DATA,NONE,False,https://letyshops.com/pl/shops/canalplus-pl,,,
2026-04-17,DHL,,no cashback,2.5,up_to_%,False,,zł,5.0,up_to_%,,no cashback,alerabat,5.0,,OK,0.7,6.8,1.4,20.67,2.0,0.7,NO DATA,NONE,False,https://letyshops.com/pl/shops/dhl-pl,https://www.picodi.com/pl/dhl,https://alerabat.com/kody-promocyjne/dhl,https://goodie.pl/marka/dhl
2026-04-17,Ecco,,no cashback,7.85,up_to_%,False,1.5,%,1.0,up_to_%,2.5,up_to_%,letyshops,7.85,,OK,,,,,,,NO DATA,NONE,False,https://letyshops.com/pl/shops/ecco-pl,https://www.picodi.com/pl/ecco,https://alerabat.com/kody-promocyjne/ecco,https://goodie.pl/marka/ecco
2026-04-17,Eurofirany,,no cashback,7.85,up_to_%,False,1.7,%,2.85,up_to_%,2.85,%,letyshops,7.85,,OK,-0.32,5.0,101.26,2031.72,2.0,101.59,NO DATA,NONE,False,https://letyshops.com/pl/shops/eurofirany,https://www.picodi.com/pl/eurofirany,https://alerabat.com/kody-promocyjne/eurofirany-com-pl,https://goodie.pl/marka/eurofirany
2026-04-17,FotoForma,,zł,,not_found,False,0.8,%,1.25,up_to_%,1.5,%,goodie,1.5,,OK,2.78,2.5,268.03,10721.34,3.0,265.26,NO DATA,NONE,False,,https://www.picodi.com/pl/fotoforma,https://alerabat.com/kody-promocyjne/fotoforma,https://goodie.pl/marka/fotoforma
2026-04-17,Gabriella,,no cashback,7.85,up_to_%,False,1.1,%,2.5,up_to_%,,no cashback,letyshops,7.85,,OK,0.0,4.5,0.98,21.82,1.0,0.98,NO DATA,NONE,False,https://letyshops.com/pl/shops/gabriella-pl,https://www.picodi.com/pl/gabriella,https://alerabat.com/kody-promocyjne/gabriella,https://goodie.pl/marka/gabriella-pl
2026-04-17,Herbapol,,no cashback,,not_found,False,,not_found,,no cashback,,no cashback,,,,OK,,,,,,,NO DATA,NONE,False,,,https://alerabat.com/kody-promocyjne/herbapol,https://goodie.pl/marka/herbapol
2026-04-17,Kazar,,no cashback,7.85,up_to_%,False,,not_found,,not_found,,no cashback,letyshops,7.85,,OK,0.0,6.5,400.66,6164.0,3.0,400.66,NO DATA,NONE,False,https://letyshops.com/pl/shops/kazar,,,https://goodie.pl/marka/kazar
2026-04-17,Konesso,,no cashback,2.5,up_to_%,False,,not_found,5.0,up_to_%,,no cashback,alerabat,5.0,,OK,-24.389999999999997,4.1,111.19,3662.46,8.0,135.59,NO DATA,NONE,False,https://letyshops.com/pl/shops/konesso,,https://alerabat.com/kody-promocyjne/konesso-pl,https://goodie.pl/marka/konesso
2026-04-17,Król Materacy,,no cashback,,not_found,False,,not_found,4.0,up_to_%,,not_found,alerabat,4.0,,OK,0.0,8.0,61.87,773.4,2.0,61.87,NO DATA,NONE,False,,,https://alerabat.com/kody-promocyjne/krol-materacy,
2026-04-17,lionelo,,no cashback,7.85,up_to_%,False,,not_found,3.0,up_to_%,3.0,%,letyshops,7.85,,OK,672.8100000000001,6.0,2528.74,42144.88,32.0,1855.93,NO DATA,NONE,False,https://letyshops.com/pl/shops/lionelo-pl,,https://alerabat.com/kody-promocyjne/lionelo,https://goodie.pl/marka/lionelo
2026-04-17,Merkury Market,,zł,7.85,up_to_%,False,,not_found,1.75,up_to_%,,no cashback,letyshops,7.85,,OK,5.87,3.5,665.12,19003.43,16.0,515.4300000000001,NO DATA,NONE,False,https://letyshops.com/pl/shops/merkury-market-pl,,https://alerabat.com/kody-promocyjne/merkury-market,https://goodie.pl/marka/merkurymarket-pl
2026-04-17,Morele.net,,no cashback,7.85,up_to_%,False,,not_found,5.0,up_to_%,0.25,%,letyshops,7.85,,OK,,,,,,,NO DATA,NONE,False,https://letyshops.com/pl/shops/morele-net,,https://alerabat.com/kod-promocyjny/morele-net,https://goodie.pl/marka/morele-net
2026-04-17,Novakid,,no cashback,5.0,up_to_%,False,,not_found,5.0,up_to_%,,no cashback,letyshops,5.0,,OK,0.0,0.0,0.0,0.0,2.0,0.0,NO DATA,NONE,False,https://letyshops.com/pl/shops/novakid-pl,,https://alerabat.com/kody-promocyjne/novakid,https://goodie.pl/marka/novakid
2026-04-17,Ombre,,no cashback,7.85,up_to_%,False,,not_found,4.56,up_to_%,,no cashback,letyshops,7.85,,OK,,,,,,,NO DATA,NONE,False,https://letyshops.com/pl/shops/ombre,,https://alerabat.com/kody-promocyjne/ombre,https://goodie.pl/marka/ombre
2026-04-17,Play,,no cashback,2.5,up_to_%,False,,not_found,5.0,up_to_%,,no cashback,alerabat,5.0,,OK,-0.61,234.4,116.64,49.76,2.0,117.25,NO DATA,NONE,False,https://letyshops.com/pl/shops/play-pl,,https://alerabat.com/kod-promocyjny/play,https://goodie.pl/marka/play
2026-04-17,Radisson Hotels,,zł,4.0,up_to_%,False,,not_found,2.0,up_to_%,2.0,up_to_%,letyshops,4.0,,OK,-0.08,8.0,61.18,764.79,2.0,61.26,NO DATA,NONE,False,https://letyshops.com/pl/shops/radisson-hotels-pl,,https://alerabat.com/kody-promocyjne/radisson-blu,https://goodie.pl/marka/radisson-hotels
2026-04-17,SkyShowtime,,zł,1.7,up_to_%,False,,not_found,5.0,up_to_%,,no cashback,alerabat,5.0,,OK,-300.08,60.0,319.72,172.38,25.0,619.8,NO DATA,NONE,False,https://letyshops.com/pl/shops/skyshowtime-pl,,https://alerabat.com/kody-promocyjne/skyshowtime,https://goodie.pl/marka/sky-showtime
2026-04-17,Stradivarius,,no cashback,3.0,up_to_%,False,,not_found,3.0,up_to_%,2.5,%,letyshops,3.0,,OK,,,,,,,NO DATA,NONE,False,https://letyshops.com/pl/shops/stradivarius-pl,,https://alerabat.com/kod-promocyjny/stradivarius,https://goodie.pl/marka/stradivarius
2026-04-17,Surfshark,,no cashback,7.85,up_to_%,False,,not_found,20.0,up_to_%,20.0,%,alerabat,20.0,,OK,,,,,,,NO DATA,NONE,False,https://letyshops.com/pl/shops/surfshark-pl,,https://alerabat.com/kody-promocyjne/surfshark,https://goodie.pl/marka/surfshark
2026-04-17,Top Secret,,no cashback,7.85,up_to_%,False,,not_found,5.0,up_to_%,,no cashback,letyshops,7.85,,OK,0.0,7.0,49.57,708.15,2.0,49.56,NO DATA,NONE,False,https://letyshops.com/pl/shops/top-secret,,https://alerabat.com/kod-rabatowy/topsecret,https://goodie.pl/marka/top-secret
2026-04-17,Wolt,,zł,2.5,up_to_%,False,,not_found,,no cashback,,no cashback,letyshops,2.5,,OK,,,,,,,NO DATA,NONE,False,https://letyshops.com/pl/shops/wolt-pl,,https://alerabat.com/kody-promocyjne/wolt,https://goodie.pl/marka/wolt
2026-04-17,x-kom,,no cashback,7.85,up_to_%,False,,not_found,,no cashback,0.63,%,letyshops,7.85,,OK,,,,,,,NO DATA,NONE,False,https://letyshops.com/pl/shops/x-kom-pl,,https://alerabat.com/kod-promocyjny/x-kom-pl,https://goodie.pl/marka/x-kom-pl
2026-04-17,4Home,,no cashback,7.85,up_to_%,False,,not_found,,no cashback,,no cashback,letyshops,7.85,,OK,-0.63,6.0,125.93,2098.69,3.0,126.56,NO DATA,NONE,False,https://letyshops.com/pl/shops/4home-pl,,https://alerabat.com/kod-promocyjny/4home,https://goodie.pl/marka/4home
